"figure_num","model","scenario","unit","variable","label","year","value"
"E.18.GenerationbyModel","EPS-EI","IRA","TWh","Secondary Energy|Electricity|Biomass|w/o CCS","Biomass w/o CCS",2030,0.0424816326202551
"E.18.GenerationbyModel","EPS-EI","IRA","TWh","Secondary Energy|Electricity|Coal|w/o CCS","Coal w/o CCS",2030,188.611933951616
"E.18.GenerationbyModel","EPS-EI","IRA","TWh","Secondary Energy|Electricity|Gas|w/o CCS","Gas w/o CCS",2030,1007.50680059796
"E.18.GenerationbyModel","EPS-EI","IRA","TWh","Secondary Energy|Electricity|Hydro","Hydro",2030,282.50689685172
"E.18.GenerationbyModel","EPS-EI","IRA","TWh","Secondary Energy|Electricity|Nuclear","Nuclear",2030,802.278507800933
"E.18.GenerationbyModel","EPS-EI","IRA","TWh","Secondary Energy|Electricity|Solar","Solar",2030,1072.57854715489
"E.18.GenerationbyModel","EPS-EI","IRA","TWh","Secondary Energy|Electricity|Wind","Wind",2030,1598.24672958962
"E.18.GenerationbyModel","EPS-EI","IRA","TWh","Secondary Energy|Electricity|Biomass|w/o CCS","Biomass w/o CCS",2035,0.0252785433734306
"E.18.GenerationbyModel","EPS-EI","IRA","TWh","Secondary Energy|Electricity|Coal|w/o CCS","Coal w/o CCS",2035,18.0534358863323
"E.18.GenerationbyModel","EPS-EI","IRA","TWh","Secondary Energy|Electricity|Gas|w/o CCS","Gas w/o CCS",2035,712.324132718836
"E.18.GenerationbyModel","EPS-EI","IRA","TWh","Secondary Energy|Electricity|Hydro","Hydro",2035,280.652930341402
"E.18.GenerationbyModel","EPS-EI","IRA","TWh","Secondary Energy|Electricity|Nuclear","Nuclear",2035,41.4337015498731
"E.18.GenerationbyModel","EPS-EI","IRA","TWh","Secondary Energy|Electricity|Solar","Solar",2035,1678.62773760311
"E.18.GenerationbyModel","EPS-EI","IRA","TWh","Secondary Energy|Electricity|Wind","Wind",2035,2577.92233292477
"E.18.GenerationbyModel","EPS-EI","No IRA","TWh","Secondary Energy|Electricity|Biomass|w/o CCS","Biomass w/o CCS",2030,22.036501937021
"E.18.GenerationbyModel","EPS-EI","No IRA","TWh","Secondary Energy|Electricity|Coal|w/o CCS","Coal w/o CCS",2030,434.363153750561
"E.18.GenerationbyModel","EPS-EI","No IRA","TWh","Secondary Energy|Electricity|Gas|w/o CCS","Gas w/o CCS",2030,1778.9558652958
"E.18.GenerationbyModel","EPS-EI","No IRA","TWh","Secondary Energy|Electricity|Hydro","Hydro",2030,282.50689685172
"E.18.GenerationbyModel","EPS-EI","No IRA","TWh","Secondary Energy|Electricity|Nuclear","Nuclear",2030,693.008181638327
"E.18.GenerationbyModel","EPS-EI","No IRA","TWh","Secondary Energy|Electricity|Solar","Solar",2030,538.026281200488
"E.18.GenerationbyModel","EPS-EI","No IRA","TWh","Secondary Energy|Electricity|Wind","Wind",2030,733.775445226603
"E.18.GenerationbyModel","EPS-EI","No IRA","TWh","Secondary Energy|Electricity|Biomass|w/o CCS","Biomass w/o CCS",2035,22.5906919262435
"E.18.GenerationbyModel","EPS-EI","No IRA","TWh","Secondary Energy|Electricity|Coal|w/o CCS","Coal w/o CCS",2035,407.821633191299
"E.18.GenerationbyModel","EPS-EI","No IRA","TWh","Secondary Energy|Electricity|Gas|w/o CCS","Gas w/o CCS",2035,1828.04997846953
"E.18.GenerationbyModel","EPS-EI","No IRA","TWh","Secondary Energy|Electricity|Hydro","Hydro",2035,282.452897827148
"E.18.GenerationbyModel","EPS-EI","No IRA","TWh","Secondary Energy|Electricity|Nuclear","Nuclear",2035,636.349205114786
"E.18.GenerationbyModel","EPS-EI","No IRA","TWh","Secondary Energy|Electricity|Solar","Solar",2035,737.705674231729
"E.18.GenerationbyModel","EPS-EI","No IRA","TWh","Secondary Energy|Electricity|Wind","Wind",2035,890.61871204109
"E.18.GenerationbyModel","GCAM-CGS","IRA","TWh","Secondary Energy|Electricity|Biomass|w/o CCS","Biomass w/o CCS",2030,41.3067052892094
"E.18.GenerationbyModel","GCAM-CGS","IRA","TWh","Secondary Energy|Electricity|Coal|w/ CCS","Coal w/ CCS",2030,0.0210158950735792
"E.18.GenerationbyModel","GCAM-CGS","IRA","TWh","Secondary Energy|Electricity|Coal|w/o CCS","Coal w/o CCS",2030,219.440513301521
"E.18.GenerationbyModel","GCAM-CGS","IRA","TWh","Secondary Energy|Electricity|Gas|w/ CCS","Gas w/ CCS",2030,449.124880585189
"E.18.GenerationbyModel","GCAM-CGS","IRA","TWh","Secondary Energy|Electricity|Gas|w/o CCS","Gas w/o CCS",2030,1242.25718057168
"E.18.GenerationbyModel","GCAM-CGS","IRA","TWh","Secondary Energy|Electricity|Hydro","Hydro",2030,296.177488241521
"E.18.GenerationbyModel","GCAM-CGS","IRA","TWh","Secondary Energy|Electricity|Nuclear","Nuclear",2030,738.310430961524
"E.18.GenerationbyModel","GCAM-CGS","IRA","TWh","Secondary Energy|Electricity|Solar","Solar",2030,921.877250487185
"E.18.GenerationbyModel","GCAM-CGS","IRA","TWh","Secondary Energy|Electricity|Wind","Wind",2030,1131.8734726757
"E.18.GenerationbyModel","GCAM-CGS","IRA","TWh","Secondary Energy|Electricity|Biomass|w/o CCS","Biomass w/o CCS",2035,39.0689128483377
"E.18.GenerationbyModel","GCAM-CGS","IRA","TWh","Secondary Energy|Electricity|Coal|w/ CCS","Coal w/ CCS",2035,0
"E.18.GenerationbyModel","GCAM-CGS","IRA","TWh","Secondary Energy|Electricity|Coal|w/o CCS","Coal w/o CCS",2035,0.00432379626124651
"E.18.GenerationbyModel","GCAM-CGS","IRA","TWh","Secondary Energy|Electricity|Gas|w/ CCS","Gas w/ CCS",2035,456.568384667976
"E.18.GenerationbyModel","GCAM-CGS","IRA","TWh","Secondary Energy|Electricity|Gas|w/o CCS","Gas w/o CCS",2035,1191.10561689358
"E.18.GenerationbyModel","GCAM-CGS","IRA","TWh","Secondary Energy|Electricity|Hydro","Hydro",2035,288.84969112531
"E.18.GenerationbyModel","GCAM-CGS","IRA","TWh","Secondary Energy|Electricity|Nuclear","Nuclear",2035,760.081711861445
"E.18.GenerationbyModel","GCAM-CGS","IRA","TWh","Secondary Energy|Electricity|Solar","Solar",2035,1210.43817985512
"E.18.GenerationbyModel","GCAM-CGS","IRA","TWh","Secondary Energy|Electricity|Wind","Wind",2035,1250.65574923688
"E.18.GenerationbyModel","GCAM-CGS","No IRA","TWh","Secondary Energy|Electricity|Biomass|w/o CCS","Biomass w/o CCS",2030,45.5946243056813
"E.18.GenerationbyModel","GCAM-CGS","No IRA","TWh","Secondary Energy|Electricity|Coal|w/ CCS","Coal w/ CCS",2030,1.36329839125757
"E.18.GenerationbyModel","GCAM-CGS","No IRA","TWh","Secondary Energy|Electricity|Coal|w/o CCS","Coal w/o CCS",2030,737.344628979384
"E.18.GenerationbyModel","GCAM-CGS","No IRA","TWh","Secondary Energy|Electricity|Gas|w/ CCS","Gas w/ CCS",2030,2.08092329617022
"E.18.GenerationbyModel","GCAM-CGS","No IRA","TWh","Secondary Energy|Electricity|Gas|w/o CCS","Gas w/o CCS",2030,1588.68687319509
"E.18.GenerationbyModel","GCAM-CGS","No IRA","TWh","Secondary Energy|Electricity|Hydro","Hydro",2030,300.309158328217
"E.18.GenerationbyModel","GCAM-CGS","No IRA","TWh","Secondary Energy|Electricity|Nuclear","Nuclear",2030,788.657479838468
"E.18.GenerationbyModel","GCAM-CGS","No IRA","TWh","Secondary Energy|Electricity|Solar","Solar",2030,599.088183519907
"E.18.GenerationbyModel","GCAM-CGS","No IRA","TWh","Secondary Energy|Electricity|Wind","Wind",2030,576.453999003255
"E.18.GenerationbyModel","GCAM-CGS","No IRA","TWh","Secondary Energy|Electricity|Biomass|w/o CCS","Biomass w/o CCS",2035,44.7467482443021
"E.18.GenerationbyModel","GCAM-CGS","No IRA","TWh","Secondary Energy|Electricity|Coal|w/ CCS","Coal w/ CCS",2035,0
"E.18.GenerationbyModel","GCAM-CGS","No IRA","TWh","Secondary Energy|Electricity|Coal|w/o CCS","Coal w/o CCS",2035,684.034231695812
"E.18.GenerationbyModel","GCAM-CGS","No IRA","TWh","Secondary Energy|Electricity|Gas|w/ CCS","Gas w/ CCS",2035,0
"E.18.GenerationbyModel","GCAM-CGS","No IRA","TWh","Secondary Energy|Electricity|Gas|w/o CCS","Gas w/o CCS",2035,1848.64382904396
"E.18.GenerationbyModel","GCAM-CGS","No IRA","TWh","Secondary Energy|Electricity|Hydro","Hydro",2035,294.155981363179
"E.18.GenerationbyModel","GCAM-CGS","No IRA","TWh","Secondary Energy|Electricity|Nuclear","Nuclear",2035,788.457204076209
"E.18.GenerationbyModel","GCAM-CGS","No IRA","TWh","Secondary Energy|Electricity|Solar","Solar",2035,724.768834065848
"E.18.GenerationbyModel","GCAM-CGS","No IRA","TWh","Secondary Energy|Electricity|Wind","Wind",2035,617.928972219063
"E.18.GenerationbyModel","GCAM-PNNL","IRA","TWh","Secondary Energy|Electricity|Biomass|w/o CCS","Biomass w/o CCS",2030,47.135759660143
"E.18.GenerationbyModel","GCAM-PNNL","IRA","TWh","Secondary Energy|Electricity|Coal|w/ CCS","Coal w/ CCS",2030,157.219382242636
"E.18.GenerationbyModel","GCAM-PNNL","IRA","TWh","Secondary Energy|Electricity|Coal|w/o CCS","Coal w/o CCS",2030,218.884934995048
"E.18.GenerationbyModel","GCAM-PNNL","IRA","TWh","Secondary Energy|Electricity|Gas|w/ CCS","Gas w/ CCS",2030,156.663836722344
"E.18.GenerationbyModel","GCAM-PNNL","IRA","TWh","Secondary Energy|Electricity|Gas|w/o CCS","Gas w/o CCS",2030,1413.53835501377
"E.18.GenerationbyModel","GCAM-PNNL","IRA","TWh","Secondary Energy|Electricity|Geothermal","Geothermal",2030,75.0219781512723
"E.18.GenerationbyModel","GCAM-PNNL","IRA","TWh","Secondary Energy|Electricity|Hydro","Hydro",2030,258.007006079531
"E.18.GenerationbyModel","GCAM-PNNL","IRA","TWh","Secondary Energy|Electricity|Nuclear","Nuclear",2030,782.274758033571
"E.18.GenerationbyModel","GCAM-PNNL","IRA","TWh","Secondary Energy|Electricity|Oil|w/o CCS","Petroleum",2030,16.9910264108186
"E.18.GenerationbyModel","GCAM-PNNL","IRA","TWh","Secondary Energy|Electricity|Solar","Solar",2030,822.329868624925
"E.18.GenerationbyModel","GCAM-PNNL","IRA","TWh","Secondary Energy|Electricity|Wind","Wind",2030,1641.69972605224
"E.18.GenerationbyModel","GCAM-PNNL","IRA","TWh","Secondary Energy|Electricity|Biomass|w/o CCS","Biomass w/o CCS",2035,65.4284292250058
"E.18.GenerationbyModel","GCAM-PNNL","IRA","TWh","Secondary Energy|Electricity|Coal|w/ CCS","Coal w/ CCS",2035,209.996206670376
"E.18.GenerationbyModel","GCAM-PNNL","IRA","TWh","Secondary Energy|Electricity|Coal|w/o CCS","Coal w/o CCS",2035,212.640047801446
"E.18.GenerationbyModel","GCAM-PNNL","IRA","TWh","Secondary Energy|Electricity|Gas|w/ CCS","Gas w/ CCS",2035,228.051436079866
"E.18.GenerationbyModel","GCAM-PNNL","IRA","TWh","Secondary Energy|Electricity|Gas|w/o CCS","Gas w/o CCS",2035,1259.65224589289
"E.18.GenerationbyModel","GCAM-PNNL","IRA","TWh","Secondary Energy|Electricity|Geothermal","Geothermal",2035,89.5919927392104
"E.18.GenerationbyModel","GCAM-PNNL","IRA","TWh","Secondary Energy|Electricity|Hydro","Hydro",2035,260.338075082676
"E.18.GenerationbyModel","GCAM-PNNL","IRA","TWh","Secondary Energy|Electricity|Nuclear","Nuclear",2035,782.274758033571
"E.18.GenerationbyModel","GCAM-PNNL","IRA","TWh","Secondary Energy|Electricity|Oil|w/o CCS","Petroleum",2035,22.5537314827785
"E.18.GenerationbyModel","GCAM-PNNL","IRA","TWh","Secondary Energy|Electricity|Solar","Solar",2035,1035.92662414459
"E.18.GenerationbyModel","GCAM-PNNL","IRA","TWh","Secondary Energy|Electricity|Wind","Wind",2035,2054.11760955112
"E.18.GenerationbyModel","GCAM-PNNL","No IRA","TWh","Secondary Energy|Electricity|Biomass|w/o CCS","Biomass w/o CCS",2030,45.1259904086587
"E.18.GenerationbyModel","GCAM-PNNL","No IRA","TWh","Secondary Energy|Electricity|Coal|w/ CCS","Coal w/ CCS",2030,0
"E.18.GenerationbyModel","GCAM-PNNL","No IRA","TWh","Secondary Energy|Electricity|Coal|w/o CCS","Coal w/o CCS",2030,477.846923823961
"E.18.GenerationbyModel","GCAM-PNNL","No IRA","TWh","Secondary Energy|Electricity|Gas|w/ CCS","Gas w/ CCS",2030,0
"E.18.GenerationbyModel","GCAM-PNNL","No IRA","TWh","Secondary Energy|Electricity|Gas|w/o CCS","Gas w/o CCS",2030,1863.1691218621
"E.18.GenerationbyModel","GCAM-PNNL","No IRA","TWh","Secondary Energy|Electricity|Geothermal","Geothermal",2030,61.0436195424451
"E.18.GenerationbyModel","GCAM-PNNL","No IRA","TWh","Secondary Energy|Electricity|Hydro","Hydro",2030,258.007006079531
"E.18.GenerationbyModel","GCAM-PNNL","No IRA","TWh","Secondary Energy|Electricity|Nuclear","Nuclear",2030,782.274758033571
"E.18.GenerationbyModel","GCAM-PNNL","No IRA","TWh","Secondary Energy|Electricity|Oil|w/o CCS","Petroleum",2030,18.3763347202188
"E.18.GenerationbyModel","GCAM-PNNL","No IRA","TWh","Secondary Energy|Electricity|Solar","Solar",2030,677.929142911966
"E.18.GenerationbyModel","GCAM-PNNL","No IRA","TWh","Secondary Energy|Electricity|Wind","Wind",2030,1223.2212373087
"E.18.GenerationbyModel","GCAM-PNNL","No IRA","TWh","Secondary Energy|Electricity|Biomass|w/o CCS","Biomass w/o CCS",2035,66.6453239099294
"E.18.GenerationbyModel","GCAM-PNNL","No IRA","TWh","Secondary Energy|Electricity|Coal|w/ CCS","Coal w/ CCS",2035,0
"E.18.GenerationbyModel","GCAM-PNNL","No IRA","TWh","Secondary Energy|Electricity|Coal|w/o CCS","Coal w/o CCS",2035,411.778672823235
"E.18.GenerationbyModel","GCAM-PNNL","No IRA","TWh","Secondary Energy|Electricity|Gas|w/ CCS","Gas w/ CCS",2035,0
"E.18.GenerationbyModel","GCAM-PNNL","No IRA","TWh","Secondary Energy|Electricity|Gas|w/o CCS","Gas w/o CCS",2035,1884.75762078065
"E.18.GenerationbyModel","GCAM-PNNL","No IRA","TWh","Secondary Energy|Electricity|Geothermal","Geothermal",2035,73.9653305716769
"E.18.GenerationbyModel","GCAM-PNNL","No IRA","TWh","Secondary Energy|Electricity|Hydro","Hydro",2035,260.338075082676
"E.18.GenerationbyModel","GCAM-PNNL","No IRA","TWh","Secondary Energy|Electricity|Nuclear","Nuclear",2035,782.274758033571
"E.18.GenerationbyModel","GCAM-PNNL","No IRA","TWh","Secondary Energy|Electricity|Oil|w/o CCS","Petroleum",2035,25.7522570385836
"E.18.GenerationbyModel","GCAM-PNNL","No IRA","TWh","Secondary Energy|Electricity|Solar","Solar",2035,894.725782296236
"E.18.GenerationbyModel","GCAM-PNNL","No IRA","TWh","Secondary Energy|Electricity|Wind","Wind",2035,1600.99774656246
"E.18.GenerationbyModel","Haiku-RFF","IRA","TWh","Secondary Energy|Electricity|Biomass|w/o CCS","Biomass w/o CCS",2030,41.8108902077621
"E.18.GenerationbyModel","Haiku-RFF","IRA","TWh","Secondary Energy|Electricity|Coal|w/ CCS","Coal w/ CCS",2030,5.24593875680762
"E.18.GenerationbyModel","Haiku-RFF","IRA","TWh","Secondary Energy|Electricity|Coal|w/o CCS","Coal w/o CCS",2030,562.27866447692
"E.18.GenerationbyModel","Haiku-RFF","IRA","TWh","Secondary Energy|Electricity|Gas|w/o CCS","Gas w/o CCS",2030,712.879702959371
"E.18.GenerationbyModel","Haiku-RFF","IRA","TWh","Secondary Energy|Electricity|Hydro","Hydro",2030,292.25057060589
"E.18.GenerationbyModel","Haiku-RFF","IRA","TWh","Secondary Energy|Electricity|Nuclear","Nuclear",2030,704.976853800082
"E.18.GenerationbyModel","Haiku-RFF","IRA","TWh","Secondary Energy|Electricity|Solar","Solar",2030,742.127749560208
"E.18.GenerationbyModel","Haiku-RFF","IRA","TWh","Secondary Energy|Electricity|Wind","Wind",2030,1153.6997116321
"E.18.GenerationbyModel","Haiku-RFF","IRA","TWh","Secondary Energy|Electricity|Biomass|w/o CCS","Biomass w/o CCS",2035,45.2597665045334
"E.18.GenerationbyModel","Haiku-RFF","IRA","TWh","Secondary Energy|Electricity|Coal|w/ CCS","Coal w/ CCS",2035,5.85788011788119
"E.18.GenerationbyModel","Haiku-RFF","IRA","TWh","Secondary Energy|Electricity|Coal|w/o CCS","Coal w/o CCS",2035,499.94158857529
"E.18.GenerationbyModel","Haiku-RFF","IRA","TWh","Secondary Energy|Electricity|Gas|w/o CCS","Gas w/o CCS",2035,667.110192760217
"E.18.GenerationbyModel","Haiku-RFF","IRA","TWh","Secondary Energy|Electricity|Hydro","Hydro",2035,291.719952842971
"E.18.GenerationbyModel","Haiku-RFF","IRA","TWh","Secondary Energy|Electricity|Nuclear","Nuclear",2035,559.284986464126
"E.18.GenerationbyModel","Haiku-RFF","IRA","TWh","Secondary Energy|Electricity|Solar","Solar",2035,849.029487532
"E.18.GenerationbyModel","Haiku-RFF","IRA","TWh","Secondary Energy|Electricity|Wind","Wind",2035,1308.69525879101
"E.18.GenerationbyModel","Haiku-RFF","No IRA","TWh","Secondary Energy|Electricity|Biomass|w/o CCS","Biomass w/o CCS",2030,44.5822515077648
"E.18.GenerationbyModel","Haiku-RFF","No IRA","TWh","Secondary Energy|Electricity|Coal|w/ CCS","Coal w/ CCS",2030,0
"E.18.GenerationbyModel","Haiku-RFF","No IRA","TWh","Secondary Energy|Electricity|Coal|w/o CCS","Coal w/o CCS",2030,873.09047841024
"E.18.GenerationbyModel","Haiku-RFF","No IRA","TWh","Secondary Energy|Electricity|Gas|w/o CCS","Gas w/o CCS",2030,1009.90461398485
"E.18.GenerationbyModel","Haiku-RFF","No IRA","TWh","Secondary Energy|Electricity|Hydro","Hydro",2030,292.25057060589
"E.18.GenerationbyModel","Haiku-RFF","No IRA","TWh","Secondary Energy|Electricity|Nuclear","Nuclear",2030,704.976853800082
"E.18.GenerationbyModel","Haiku-RFF","No IRA","TWh","Secondary Energy|Electricity|Solar","Solar",2030,449.287260028263
"E.18.GenerationbyModel","Haiku-RFF","No IRA","TWh","Secondary Energy|Electricity|Wind","Wind",2030,837.605076794726
"E.18.GenerationbyModel","Haiku-RFF","No IRA","TWh","Secondary Energy|Electricity|Biomass|w/o CCS","Biomass w/o CCS",2035,47.2030413822863
"E.18.GenerationbyModel","Haiku-RFF","No IRA","TWh","Secondary Energy|Electricity|Coal|w/ CCS","Coal w/ CCS",2035,0
"E.18.GenerationbyModel","Haiku-RFF","No IRA","TWh","Secondary Energy|Electricity|Coal|w/o CCS","Coal w/o CCS",2035,793.533109373256
"E.18.GenerationbyModel","Haiku-RFF","No IRA","TWh","Secondary Energy|Electricity|Gas|w/o CCS","Gas w/o CCS",2035,964.011298051969
"E.18.GenerationbyModel","Haiku-RFF","No IRA","TWh","Secondary Energy|Electricity|Hydro","Hydro",2035,291.719952842971
"E.18.GenerationbyModel","Haiku-RFF","No IRA","TWh","Secondary Energy|Electricity|Nuclear","Nuclear",2035,559.284986464126
"E.18.GenerationbyModel","Haiku-RFF","No IRA","TWh","Secondary Energy|Electricity|Solar","Solar",2035,627.757226008482
"E.18.GenerationbyModel","Haiku-RFF","No IRA","TWh","Secondary Energy|Electricity|Wind","Wind",2035,933.982840222636
"E.18.GenerationbyModel","IPM-EPA","IRA","TWh","Secondary Energy|Electricity|Biomass|w/o CCS","Biomass w/o CCS",2030,38.4138307557592
"E.18.GenerationbyModel","IPM-EPA","IRA","TWh","Secondary Energy|Electricity|Coal|w/ CCS","Coal w/ CCS",2030,65.8547062588713
"E.18.GenerationbyModel","IPM-EPA","IRA","TWh","Secondary Energy|Electricity|Coal|w/o CCS","Coal w/o CCS",2030,242.783244199328
"E.18.GenerationbyModel","IPM-EPA","IRA","TWh","Secondary Energy|Electricity|Gas|w/ CCS","Gas w/ CCS",2030,49.5441656408502
"E.18.GenerationbyModel","IPM-EPA","IRA","TWh","Secondary Energy|Electricity|Gas|w/o CCS","Gas w/o CCS",2030,1754.28763317851
"E.18.GenerationbyModel","IPM-EPA","IRA","TWh","Secondary Energy|Electricity|Hydro","Hydro",2030,302.746861468208
"E.18.GenerationbyModel","IPM-EPA","IRA","TWh","Secondary Energy|Electricity|Nuclear","Nuclear",2030,733.716339833551
"E.18.GenerationbyModel","IPM-EPA","IRA","TWh","Secondary Energy|Electricity|Solar","Solar",2030,488.951608612843
"E.18.GenerationbyModel","IPM-EPA","IRA","TWh","Secondary Energy|Electricity|Wind","Wind",2030,844.081903522
"E.18.GenerationbyModel","IPM-EPA","IRA","TWh","Secondary Energy|Electricity|Biomass|w/o CCS","Biomass w/o CCS",2035,37.1896129654146
"E.18.GenerationbyModel","IPM-EPA","IRA","TWh","Secondary Energy|Electricity|Coal|w/ CCS","Coal w/ CCS",2035,75.2380544058286
"E.18.GenerationbyModel","IPM-EPA","IRA","TWh","Secondary Energy|Electricity|Coal|w/o CCS","Coal w/o CCS",2035,44.3796598557456
"E.18.GenerationbyModel","IPM-EPA","IRA","TWh","Secondary Energy|Electricity|Gas|w/ CCS","Gas w/ CCS",2035,77.1585762013537
"E.18.GenerationbyModel","IPM-EPA","IRA","TWh","Secondary Energy|Electricity|Gas|w/o CCS","Gas w/o CCS",2035,1341.45619300444
"E.18.GenerationbyModel","IPM-EPA","IRA","TWh","Secondary Energy|Electricity|Hydro","Hydro",2035,328.647411698551
"E.18.GenerationbyModel","IPM-EPA","IRA","TWh","Secondary Energy|Electricity|Nuclear","Nuclear",2035,660.33521898521
"E.18.GenerationbyModel","IPM-EPA","IRA","TWh","Secondary Energy|Electricity|Solar","Solar",2035,773.930125967347
"E.18.GenerationbyModel","IPM-EPA","IRA","TWh","Secondary Energy|Electricity|Wind","Wind",2035,1500.27211381362
"E.18.GenerationbyModel","IPM-EPA","No IRA","TWh","Secondary Energy|Electricity|Biomass|w/o CCS","Biomass w/o CCS",2030,37.7478542292045
"E.18.GenerationbyModel","IPM-EPA","No IRA","TWh","Secondary Energy|Electricity|Coal|w/ CCS","Coal w/ CCS",2030,3.78669732774218
"E.18.GenerationbyModel","IPM-EPA","No IRA","TWh","Secondary Energy|Electricity|Coal|w/o CCS","Coal w/o CCS",2030,554.070012194223
"E.18.GenerationbyModel","IPM-EPA","No IRA","TWh","Secondary Energy|Electricity|Gas|w/ CCS","Gas w/ CCS",2030,24.402361354912
"E.18.GenerationbyModel","IPM-EPA","No IRA","TWh","Secondary Energy|Electricity|Gas|w/o CCS","Gas w/o CCS",2030,1791.1448987784
"E.18.GenerationbyModel","IPM-EPA","No IRA","TWh","Secondary Energy|Electricity|Hydro","Hydro",2030,304.925015062312
"E.18.GenerationbyModel","IPM-EPA","No IRA","TWh","Secondary Energy|Electricity|Nuclear","Nuclear",2030,628.470695080102
"E.18.GenerationbyModel","IPM-EPA","No IRA","TWh","Secondary Energy|Electricity|Solar","Solar",2030,451.739292925444
"E.18.GenerationbyModel","IPM-EPA","No IRA","TWh","Secondary Energy|Electricity|Wind","Wind",2030,712.337556936127
"E.18.GenerationbyModel","IPM-EPA","No IRA","TWh","Secondary Energy|Electricity|Biomass|w/o CCS","Biomass w/o CCS",2035,38.9014195535043
"E.18.GenerationbyModel","IPM-EPA","No IRA","TWh","Secondary Energy|Electricity|Coal|w/ CCS","Coal w/ CCS",2035,3.78669732774218
"E.18.GenerationbyModel","IPM-EPA","No IRA","TWh","Secondary Energy|Electricity|Coal|w/o CCS","Coal w/o CCS",2035,465.895141419457
"E.18.GenerationbyModel","IPM-EPA","No IRA","TWh","Secondary Energy|Electricity|Gas|w/ CCS","Gas w/ CCS",2035,24.402361354912
"E.18.GenerationbyModel","IPM-EPA","No IRA","TWh","Secondary Energy|Electricity|Gas|w/o CCS","Gas w/o CCS",2035,1882.80422741639
"E.18.GenerationbyModel","IPM-EPA","No IRA","TWh","Secondary Energy|Electricity|Hydro","Hydro",2035,324.506154260833
"E.18.GenerationbyModel","IPM-EPA","No IRA","TWh","Secondary Energy|Electricity|Nuclear","Nuclear",2035,486.512353872468
"E.18.GenerationbyModel","IPM-EPA","No IRA","TWh","Secondary Energy|Electricity|Solar","Solar",2035,661.022573821366
"E.18.GenerationbyModel","IPM-EPA","No IRA","TWh","Secondary Energy|Electricity|Wind","Wind",2035,919.444573409493
"E.18.GenerationbyModel","IPM-NRDC","IRA","TWh","Secondary Energy|Electricity|Biomass|w/o CCS","Biomass w/o CCS",2030,40.3484238786919
"E.18.GenerationbyModel","IPM-NRDC","IRA","TWh","Secondary Energy|Electricity|Coal|w/ CCS","Coal w/ CCS",2030,135.279879049891
"E.18.GenerationbyModel","IPM-NRDC","IRA","TWh","Secondary Energy|Electricity|Coal|w/o CCS","Coal w/o CCS",2030,198.300770441975
"E.18.GenerationbyModel","IPM-NRDC","IRA","TWh","Secondary Energy|Electricity|Gas|w/o CCS","Gas w/o CCS",2030,1649.93089763344
"E.18.GenerationbyModel","IPM-NRDC","IRA","TWh","Secondary Energy|Electricity|Hydro","Hydro",2030,319.548791782413
"E.18.GenerationbyModel","IPM-NRDC","IRA","TWh","Secondary Energy|Electricity|Nuclear","Nuclear",2030,677.937217941764
"E.18.GenerationbyModel","IPM-NRDC","IRA","TWh","Secondary Energy|Electricity|Solar","Solar",2030,369.65358722766
"E.18.GenerationbyModel","IPM-NRDC","IRA","TWh","Secondary Energy|Electricity|Wind","Wind",2030,890.310027867553
"E.18.GenerationbyModel","IPM-NRDC","IRA","TWh","Secondary Energy|Electricity|Biomass|w/o CCS","Biomass w/o CCS",2035,40.3418685703315
"E.18.GenerationbyModel","IPM-NRDC","IRA","TWh","Secondary Energy|Electricity|Coal|w/ CCS","Coal w/ CCS",2035,135.279879048427
"E.18.GenerationbyModel","IPM-NRDC","IRA","TWh","Secondary Energy|Electricity|Coal|w/o CCS","Coal w/o CCS",2035,143.308880059943
"E.18.GenerationbyModel","IPM-NRDC","IRA","TWh","Secondary Energy|Electricity|Gas|w/o CCS","Gas w/o CCS",2035,1653.96847788993
"E.18.GenerationbyModel","IPM-NRDC","IRA","TWh","Secondary Energy|Electricity|Hydro","Hydro",2035,316.090086754977
"E.18.GenerationbyModel","IPM-NRDC","IRA","TWh","Secondary Energy|Electricity|Nuclear","Nuclear",2035,75.805570277415
"E.18.GenerationbyModel","IPM-NRDC","IRA","TWh","Secondary Energy|Electricity|Solar","Solar",2035,683.148522037825
"E.18.GenerationbyModel","IPM-NRDC","IRA","TWh","Secondary Energy|Electricity|Wind","Wind",2035,1368.21605541467
"E.18.GenerationbyModel","IPM-NRDC","No IRA","TWh","Secondary Energy|Electricity|Biomass|w/o CCS","Biomass w/o CCS",2030,41.7797483192902
"E.18.GenerationbyModel","IPM-NRDC","No IRA","TWh","Secondary Energy|Electricity|Coal|w/ CCS","Coal w/ CCS",2030,16.9673120010657
"E.18.GenerationbyModel","IPM-NRDC","No IRA","TWh","Secondary Energy|Electricity|Coal|w/o CCS","Coal w/o CCS",2030,361.752485657287
"E.18.GenerationbyModel","IPM-NRDC","No IRA","TWh","Secondary Energy|Electricity|Gas|w/o CCS","Gas w/o CCS",2030,1941.5601020572
"E.18.GenerationbyModel","IPM-NRDC","No IRA","TWh","Secondary Energy|Electricity|Hydro","Hydro",2030,313.158461973304
"E.18.GenerationbyModel","IPM-NRDC","No IRA","TWh","Secondary Energy|Electricity|Nuclear","Nuclear",2030,509.532574555751
"E.18.GenerationbyModel","IPM-NRDC","No IRA","TWh","Secondary Energy|Electricity|Solar","Solar",2030,333.049870712183
"E.18.GenerationbyModel","IPM-NRDC","No IRA","TWh","Secondary Energy|Electricity|Wind","Wind",2030,765.78577645174
"E.18.GenerationbyModel","IPM-NRDC","No IRA","TWh","Secondary Energy|Electricity|Biomass|w/o CCS","Biomass w/o CCS",2035,42.4549944968548
"E.18.GenerationbyModel","IPM-NRDC","No IRA","TWh","Secondary Energy|Electricity|Coal|w/ CCS","Coal w/ CCS",2035,16.9673120010657
"E.18.GenerationbyModel","IPM-NRDC","No IRA","TWh","Secondary Energy|Electricity|Coal|w/o CCS","Coal w/o CCS",2035,333.594456113073
"E.18.GenerationbyModel","IPM-NRDC","No IRA","TWh","Secondary Energy|Electricity|Gas|w/o CCS","Gas w/o CCS",2035,2057.53903267169
"E.18.GenerationbyModel","IPM-NRDC","No IRA","TWh","Secondary Energy|Electricity|Hydro","Hydro",2035,310.642459451883
"E.18.GenerationbyModel","IPM-NRDC","No IRA","TWh","Secondary Energy|Electricity|Nuclear","Nuclear",2035,67.8447178704421
"E.18.GenerationbyModel","IPM-NRDC","No IRA","TWh","Secondary Energy|Electricity|Solar","Solar",2035,574.087243140936
"E.18.GenerationbyModel","IPM-NRDC","No IRA","TWh","Secondary Energy|Electricity|Wind","Wind",2035,991.66636689354
"E.18.GenerationbyModel","MARKAL-NETL","IRA","TWh","Secondary Energy|Electricity|Biomass|w/o CCS","Biomass w/o CCS",2030,25.6940008686893
"E.18.GenerationbyModel","MARKAL-NETL","IRA","TWh","Secondary Energy|Electricity|Coal|w/ CCS","Coal w/ CCS",2030,133.797690145192
"E.18.GenerationbyModel","MARKAL-NETL","IRA","TWh","Secondary Energy|Electricity|Coal|w/o CCS","Coal w/o CCS",2030,514.774446376998
"E.18.GenerationbyModel","MARKAL-NETL","IRA","TWh","Secondary Energy|Electricity|Gas|w/ CCS","Gas w/ CCS",2030,96.9705481433451
"E.18.GenerationbyModel","MARKAL-NETL","IRA","TWh","Secondary Energy|Electricity|Gas|w/o CCS","Gas w/o CCS",2030,2021.25954985034
"E.18.GenerationbyModel","MARKAL-NETL","IRA","TWh","Secondary Energy|Electricity|Hydro","Hydro",2030,286.486720820973
"E.18.GenerationbyModel","MARKAL-NETL","IRA","TWh","Secondary Energy|Electricity|Nuclear","Nuclear",2030,797.502898746583
"E.18.GenerationbyModel","MARKAL-NETL","IRA","TWh","Secondary Energy|Electricity|Solar","Solar",2030,476.152890909078
"E.18.GenerationbyModel","MARKAL-NETL","IRA","TWh","Secondary Energy|Electricity|Wind","Wind",2030,602.14793797966
"E.18.GenerationbyModel","MARKAL-NETL","IRA","TWh","Secondary Energy|Electricity|Biomass|w/o CCS","Biomass w/o CCS",2035,9.02206646718948
"E.18.GenerationbyModel","MARKAL-NETL","IRA","TWh","Secondary Energy|Electricity|Coal|w/ CCS","Coal w/ CCS",2035,1285.93335547616
"E.18.GenerationbyModel","MARKAL-NETL","IRA","TWh","Secondary Energy|Electricity|Coal|w/o CCS","Coal w/o CCS",2035,203.288157143246
"E.18.GenerationbyModel","MARKAL-NETL","IRA","TWh","Secondary Energy|Electricity|Gas|w/ CCS","Gas w/ CCS",2035,96.9705481433451
"E.18.GenerationbyModel","MARKAL-NETL","IRA","TWh","Secondary Energy|Electricity|Gas|w/o CCS","Gas w/o CCS",2035,1427.12258468206
"E.18.GenerationbyModel","MARKAL-NETL","IRA","TWh","Secondary Energy|Electricity|Hydro","Hydro",2035,286.486720820973
"E.18.GenerationbyModel","MARKAL-NETL","IRA","TWh","Secondary Energy|Electricity|Nuclear","Nuclear",2035,797.502898746583
"E.18.GenerationbyModel","MARKAL-NETL","IRA","TWh","Secondary Energy|Electricity|Solar","Solar",2035,497.796961694897
"E.18.GenerationbyModel","MARKAL-NETL","IRA","TWh","Secondary Energy|Electricity|Wind","Wind",2035,602.14793797966
"E.18.GenerationbyModel","MARKAL-NETL","No IRA","TWh","Secondary Energy|Electricity|Biomass|w/o CCS","Biomass w/o CCS",2030,10.6470384140201
"E.18.GenerationbyModel","MARKAL-NETL","No IRA","TWh","Secondary Energy|Electricity|Coal|w/ CCS","Coal w/ CCS",2030,0
"E.18.GenerationbyModel","MARKAL-NETL","No IRA","TWh","Secondary Energy|Electricity|Coal|w/o CCS","Coal w/o CCS",2030,669.638439504691
"E.18.GenerationbyModel","MARKAL-NETL","No IRA","TWh","Secondary Energy|Electricity|Gas|w/ CCS","Gas w/ CCS",2030,0
"E.18.GenerationbyModel","MARKAL-NETL","No IRA","TWh","Secondary Energy|Electricity|Gas|w/o CCS","Gas w/o CCS",2030,1891.60901033184
"E.18.GenerationbyModel","MARKAL-NETL","No IRA","TWh","Secondary Energy|Electricity|Hydro","Hydro",2030,286.486720820973
"E.18.GenerationbyModel","MARKAL-NETL","No IRA","TWh","Secondary Energy|Electricity|Nuclear","Nuclear",2030,797.502898746583
"E.18.GenerationbyModel","MARKAL-NETL","No IRA","TWh","Secondary Energy|Electricity|Solar","Solar",2030,516.521638436069
"E.18.GenerationbyModel","MARKAL-NETL","No IRA","TWh","Secondary Energy|Electricity|Wind","Wind",2030,650.085999276074
"E.18.GenerationbyModel","MARKAL-NETL","No IRA","TWh","Secondary Energy|Electricity|Biomass|w/o CCS","Biomass w/o CCS",2035,10.8137022034386
"E.18.GenerationbyModel","MARKAL-NETL","No IRA","TWh","Secondary Energy|Electricity|Coal|w/ CCS","Coal w/ CCS",2035,0
"E.18.GenerationbyModel","MARKAL-NETL","No IRA","TWh","Secondary Energy|Electricity|Coal|w/o CCS","Coal w/o CCS",2035,684.352074380523
"E.18.GenerationbyModel","MARKAL-NETL","No IRA","TWh","Secondary Energy|Electricity|Gas|w/ CCS","Gas w/ CCS",2035,0
"E.18.GenerationbyModel","MARKAL-NETL","No IRA","TWh","Secondary Energy|Electricity|Gas|w/o CCS","Gas w/o CCS",2035,2018.46237591793
"E.18.GenerationbyModel","MARKAL-NETL","No IRA","TWh","Secondary Energy|Electricity|Hydro","Hydro",2035,286.486720820973
"E.18.GenerationbyModel","MARKAL-NETL","No IRA","TWh","Secondary Energy|Electricity|Nuclear","Nuclear",2035,797.502898746583
"E.18.GenerationbyModel","MARKAL-NETL","No IRA","TWh","Secondary Energy|Electricity|Solar","Solar",2035,538.165709221888
"E.18.GenerationbyModel","MARKAL-NETL","No IRA","TWh","Secondary Energy|Electricity|Wind","Wind",2035,666.844043302107
"E.18.GenerationbyModel","NEMS-EIA","IRA","TWh","Secondary Energy|Electricity|Biomass|w/ CCS","Biomass w/ CCS",2030,0.0927223250823997
"E.18.GenerationbyModel","NEMS-EIA","IRA","TWh","Secondary Energy|Electricity|Biomass|w/o CCS","Biomass w/o CCS",2030,38.4960586148696
"E.18.GenerationbyModel","NEMS-EIA","IRA","TWh","Secondary Energy|Electricity|Coal|w/ CCS","Coal w/ CCS",2030,2.15357100061204
"E.18.GenerationbyModel","NEMS-EIA","IRA","TWh","Secondary Energy|Electricity|Coal|w/o CCS","Coal w/o CCS",2030,350.491151895397
"E.18.GenerationbyModel","NEMS-EIA","IRA","TWh","Secondary Energy|Electricity|Gas|w/ CCS","Gas w/ CCS",2030,0.667223947399595
"E.18.GenerationbyModel","NEMS-EIA","IRA","TWh","Secondary Energy|Electricity|Gas|w/o CCS","Gas w/o CCS",2030,1152.99907045459
"E.18.GenerationbyModel","NEMS-EIA","IRA","TWh","Secondary Energy|Electricity|Geothermal","Geothermal",2030,20.9234480430047
"E.18.GenerationbyModel","NEMS-EIA","IRA","TWh","Secondary Energy|Electricity|Hydro","Hydro",2030,295.679411906034
"E.18.GenerationbyModel","NEMS-EIA","IRA","TWh","Secondary Energy|Electricity|Nuclear","Nuclear",2030,758.002909586515
"E.18.GenerationbyModel","NEMS-EIA","IRA","TWh","Secondary Energy|Electricity|Oil|w/o CCS","Petroleum",2030,7.46601113546286
"E.18.GenerationbyModel","NEMS-EIA","IRA","TWh","Secondary Energy|Electricity|Solar","Solar",2030,921.119469081494
"E.18.GenerationbyModel","NEMS-EIA","IRA","TWh","Secondary Energy|Electricity|Wind","Wind",2030,978.425257921146
"E.18.GenerationbyModel","NEMS-EIA","IRA","TWh","Secondary Energy|Electricity|Biomass|w/ CCS","Biomass w/ CCS",2035,0.125988724164797
"E.18.GenerationbyModel","NEMS-EIA","IRA","TWh","Secondary Energy|Electricity|Biomass|w/o CCS","Biomass w/o CCS",2035,39.5266459985445
"E.18.GenerationbyModel","NEMS-EIA","IRA","TWh","Secondary Energy|Electricity|Coal|w/ CCS","Coal w/ CCS",2035,3.37783771047306
"E.18.GenerationbyModel","NEMS-EIA","IRA","TWh","Secondary Energy|Electricity|Coal|w/o CCS","Coal w/o CCS",2035,343.14352079677
"E.18.GenerationbyModel","NEMS-EIA","IRA","TWh","Secondary Energy|Electricity|Gas|w/ CCS","Gas w/ CCS",2035,0.317634262317992
"E.18.GenerationbyModel","NEMS-EIA","IRA","TWh","Secondary Energy|Electricity|Gas|w/o CCS","Gas w/o CCS",2035,1038.63747525965
"E.18.GenerationbyModel","NEMS-EIA","IRA","TWh","Secondary Energy|Electricity|Geothermal","Geothermal",2035,23.8110708815613
"E.18.GenerationbyModel","NEMS-EIA","IRA","TWh","Secondary Energy|Electricity|Hydro","Hydro",2035,291.730265242632
"E.18.GenerationbyModel","NEMS-EIA","IRA","TWh","Secondary Energy|Electricity|Nuclear","Nuclear",2035,700.337813237323
"E.18.GenerationbyModel","NEMS-EIA","IRA","TWh","Secondary Energy|Electricity|Oil|w/o CCS","Petroleum",2035,7.09295487427681
"E.18.GenerationbyModel","NEMS-EIA","IRA","TWh","Secondary Energy|Electricity|Solar","Solar",2035,1150.40072839052
"E.18.GenerationbyModel","NEMS-EIA","IRA","TWh","Secondary Energy|Electricity|Wind","Wind",2035,1135.01855925096
"E.18.GenerationbyModel","NEMS-EIA","No IRA","TWh","Secondary Energy|Electricity|Biomass|w/ CCS","Biomass w/ CCS",2030,0
"E.18.GenerationbyModel","NEMS-EIA","No IRA","TWh","Secondary Energy|Electricity|Biomass|w/o CCS","Biomass w/o CCS",2030,38.8971173702242
"E.18.GenerationbyModel","NEMS-EIA","No IRA","TWh","Secondary Energy|Electricity|Coal|w/ CCS","Coal w/ CCS",2030,0
"E.18.GenerationbyModel","NEMS-EIA","No IRA","TWh","Secondary Energy|Electricity|Coal|w/o CCS","Coal w/o CCS",2030,611.138679512696
"E.18.GenerationbyModel","NEMS-EIA","No IRA","TWh","Secondary Energy|Electricity|Gas|w/ CCS","Gas w/ CCS",2030,0
"E.18.GenerationbyModel","NEMS-EIA","No IRA","TWh","Secondary Energy|Electricity|Gas|w/o CCS","Gas w/o CCS",2030,1570.52961326608
"E.18.GenerationbyModel","NEMS-EIA","No IRA","TWh","Secondary Energy|Electricity|Geothermal","Geothermal",2030,24.9968454619656
"E.18.GenerationbyModel","NEMS-EIA","No IRA","TWh","Secondary Energy|Electricity|Hydro","Hydro",2030,300.537723146468
"E.18.GenerationbyModel","NEMS-EIA","No IRA","TWh","Secondary Energy|Electricity|Nuclear","Nuclear",2030,765.523402737826
"E.18.GenerationbyModel","NEMS-EIA","No IRA","TWh","Secondary Energy|Electricity|Oil|w/o CCS","Petroleum",2030,8.53751178008877
"E.18.GenerationbyModel","NEMS-EIA","No IRA","TWh","Secondary Energy|Electricity|Solar","Solar",2030,569.470365200821
"E.18.GenerationbyModel","NEMS-EIA","No IRA","TWh","Secondary Energy|Electricity|Wind","Wind",2030,596.857260489403
"E.18.GenerationbyModel","NEMS-EIA","No IRA","TWh","Secondary Energy|Electricity|Biomass|w/ CCS","Biomass w/ CCS",2035,0
"E.18.GenerationbyModel","NEMS-EIA","No IRA","TWh","Secondary Energy|Electricity|Biomass|w/o CCS","Biomass w/o CCS",2035,39.9656400686432
"E.18.GenerationbyModel","NEMS-EIA","No IRA","TWh","Secondary Energy|Electricity|Coal|w/ CCS","Coal w/ CCS",2035,0
"E.18.GenerationbyModel","NEMS-EIA","No IRA","TWh","Secondary Energy|Electricity|Coal|w/o CCS","Coal w/o CCS",2035,574.569821085267
"E.18.GenerationbyModel","NEMS-EIA","No IRA","TWh","Secondary Energy|Electricity|Gas|w/ CCS","Gas w/ CCS",2035,0
"E.18.GenerationbyModel","NEMS-EIA","No IRA","TWh","Secondary Energy|Electricity|Gas|w/o CCS","Gas w/o CCS",2035,1499.73987699777
"E.18.GenerationbyModel","NEMS-EIA","No IRA","TWh","Secondary Energy|Electricity|Geothermal","Geothermal",2035,31.2997256079948
"E.18.GenerationbyModel","NEMS-EIA","No IRA","TWh","Secondary Energy|Electricity|Hydro","Hydro",2035,298.984833197562
"E.18.GenerationbyModel","NEMS-EIA","No IRA","TWh","Secondary Energy|Electricity|Nuclear","Nuclear",2035,747.185110997073
"E.18.GenerationbyModel","NEMS-EIA","No IRA","TWh","Secondary Energy|Electricity|Oil|w/o CCS","Petroleum",2035,8.03066093574141
"E.18.GenerationbyModel","NEMS-EIA","No IRA","TWh","Secondary Energy|Electricity|Solar","Solar",2035,804.433893866469
"E.18.GenerationbyModel","NEMS-EIA","No IRA","TWh","Secondary Energy|Electricity|Wind","Wind",2035,671.93891222941
"E.18.GenerationbyModel","NEMS-OP","IRA","TWh","Secondary Energy|Electricity|Biomass|w/ CCS","Biomass w/ CCS",2030,0.24375559684748
"E.18.GenerationbyModel","NEMS-OP","IRA","TWh","Secondary Energy|Electricity|Biomass|w/o CCS","Biomass w/o CCS",2030,37.5928339305403
"E.18.GenerationbyModel","NEMS-OP","IRA","TWh","Secondary Energy|Electricity|Coal|w/ CCS","Coal w/ CCS",2030,4.19446732983699
"E.18.GenerationbyModel","NEMS-OP","IRA","TWh","Secondary Energy|Electricity|Coal|w/o CCS","Coal w/o CCS",2030,295.84247086271
"E.18.GenerationbyModel","NEMS-OP","IRA","TWh","Secondary Energy|Electricity|Gas|w/ CCS","Gas w/ CCS",2030,9.49862541872356
"E.18.GenerationbyModel","NEMS-OP","IRA","TWh","Secondary Energy|Electricity|Gas|w/o CCS","Gas w/o CCS",2030,1038.74196037225
"E.18.GenerationbyModel","NEMS-OP","IRA","TWh","Secondary Energy|Electricity|Geothermal","Geothermal",2030,23.4426115373374
"E.18.GenerationbyModel","NEMS-OP","IRA","TWh","Secondary Energy|Electricity|Hydro","Hydro",2030,295.260077480807
"E.18.GenerationbyModel","NEMS-OP","IRA","TWh","Secondary Energy|Electricity|Nuclear","Nuclear",2030,776.563975303123
"E.18.GenerationbyModel","NEMS-OP","IRA","TWh","Secondary Energy|Electricity|Oil|w/o CCS","Petroleum",2030,7.14204198757698
"E.18.GenerationbyModel","NEMS-OP","IRA","TWh","Secondary Energy|Electricity|Solar","Solar",2030,1166.27531963507
"E.18.GenerationbyModel","NEMS-OP","IRA","TWh","Secondary Energy|Electricity|Wind","Wind",2030,970.669356022212
"E.18.GenerationbyModel","NEMS-OP","IRA","TWh","Secondary Energy|Electricity|Biomass|w/ CCS","Biomass w/ CCS",2035,0.113108956822347
"E.18.GenerationbyModel","NEMS-OP","IRA","TWh","Secondary Energy|Electricity|Biomass|w/o CCS","Biomass w/o CCS",2035,36.3188879428467
"E.18.GenerationbyModel","NEMS-OP","IRA","TWh","Secondary Energy|Electricity|Coal|w/ CCS","Coal w/ CCS",2035,3.13955441958775
"E.18.GenerationbyModel","NEMS-OP","IRA","TWh","Secondary Energy|Electricity|Coal|w/o CCS","Coal w/o CCS",2035,139.704835267827
"E.18.GenerationbyModel","NEMS-OP","IRA","TWh","Secondary Energy|Electricity|Gas|w/ CCS","Gas w/ CCS",2035,7.39288845633636
"E.18.GenerationbyModel","NEMS-OP","IRA","TWh","Secondary Energy|Electricity|Gas|w/o CCS","Gas w/o CCS",2035,774.966453160445
"E.18.GenerationbyModel","NEMS-OP","IRA","TWh","Secondary Energy|Electricity|Geothermal","Geothermal",2035,28.2302520543533
"E.18.GenerationbyModel","NEMS-OP","IRA","TWh","Secondary Energy|Electricity|Hydro","Hydro",2035,288.770082714779
"E.18.GenerationbyModel","NEMS-OP","IRA","TWh","Secondary Energy|Electricity|Nuclear","Nuclear",2035,694.578151278708
"E.18.GenerationbyModel","NEMS-OP","IRA","TWh","Secondary Energy|Electricity|Oil|w/o CCS","Petroleum",2035,6.3282716873615
"E.18.GenerationbyModel","NEMS-OP","IRA","TWh","Secondary Energy|Electricity|Solar","Solar",2035,1757.13366448769
"E.18.GenerationbyModel","NEMS-OP","IRA","TWh","Secondary Energy|Electricity|Wind","Wind",2035,1239.49164806991
"E.18.GenerationbyModel","NEMS-OP","No IRA","TWh","Secondary Energy|Electricity|Biomass|w/ CCS","Biomass w/ CCS",2030,0
"E.18.GenerationbyModel","NEMS-OP","No IRA","TWh","Secondary Energy|Electricity|Biomass|w/o CCS","Biomass w/o CCS",2030,37.4215390247774
"E.18.GenerationbyModel","NEMS-OP","No IRA","TWh","Secondary Energy|Electricity|Coal|w/ CCS","Coal w/ CCS",2030,0
"E.18.GenerationbyModel","NEMS-OP","No IRA","TWh","Secondary Energy|Electricity|Coal|w/o CCS","Coal w/o CCS",2030,539.278588579057
"E.18.GenerationbyModel","NEMS-OP","No IRA","TWh","Secondary Energy|Electricity|Gas|w/ CCS","Gas w/ CCS",2030,0
"E.18.GenerationbyModel","NEMS-OP","No IRA","TWh","Secondary Energy|Electricity|Gas|w/o CCS","Gas w/o CCS",2030,1456.36578249877
"E.18.GenerationbyModel","NEMS-OP","No IRA","TWh","Secondary Energy|Electricity|Geothermal","Geothermal",2030,21.7560080038075
"E.18.GenerationbyModel","NEMS-OP","No IRA","TWh","Secondary Energy|Electricity|Hydro","Hydro",2030,298.932619140747
"E.18.GenerationbyModel","NEMS-OP","No IRA","TWh","Secondary Energy|Electricity|Nuclear","Nuclear",2030,664.813918933869
"E.18.GenerationbyModel","NEMS-OP","No IRA","TWh","Secondary Energy|Electricity|Oil|w/o CCS","Petroleum",2030,8.10932051485045
"E.18.GenerationbyModel","NEMS-OP","No IRA","TWh","Secondary Energy|Electricity|Solar","Solar",2030,775.980367845292
"E.18.GenerationbyModel","NEMS-OP","No IRA","TWh","Secondary Energy|Electricity|Wind","Wind",2030,675.432867115306
"E.18.GenerationbyModel","NEMS-OP","No IRA","TWh","Secondary Energy|Electricity|Biomass|w/ CCS","Biomass w/ CCS",2035,0
"E.18.GenerationbyModel","NEMS-OP","No IRA","TWh","Secondary Energy|Electricity|Biomass|w/o CCS","Biomass w/o CCS",2035,36.367454065558
"E.18.GenerationbyModel","NEMS-OP","No IRA","TWh","Secondary Energy|Electricity|Coal|w/ CCS","Coal w/ CCS",2035,0
"E.18.GenerationbyModel","NEMS-OP","No IRA","TWh","Secondary Energy|Electricity|Coal|w/o CCS","Coal w/o CCS",2035,473.257992161952
"E.18.GenerationbyModel","NEMS-OP","No IRA","TWh","Secondary Energy|Electricity|Gas|w/ CCS","Gas w/ CCS",2035,0
"E.18.GenerationbyModel","NEMS-OP","No IRA","TWh","Secondary Energy|Electricity|Gas|w/o CCS","Gas w/o CCS",2035,1427.36752731747
"E.18.GenerationbyModel","NEMS-OP","No IRA","TWh","Secondary Energy|Electricity|Geothermal","Geothermal",2035,25.9449483356242
"E.18.GenerationbyModel","NEMS-OP","No IRA","TWh","Secondary Energy|Electricity|Hydro","Hydro",2035,292.728934202875
"E.18.GenerationbyModel","NEMS-OP","No IRA","TWh","Secondary Energy|Electricity|Nuclear","Nuclear",2035,597.678290658478
"E.18.GenerationbyModel","NEMS-OP","No IRA","TWh","Secondary Energy|Electricity|Oil|w/o CCS","Petroleum",2035,7.53487889144944
"E.18.GenerationbyModel","NEMS-OP","No IRA","TWh","Secondary Energy|Electricity|Solar","Solar",2035,1083.42549721775
"E.18.GenerationbyModel","NEMS-OP","No IRA","TWh","Secondary Energy|Electricity|Wind","Wind",2035,774.505357489585
"E.18.GenerationbyModel","NEMS-RHG","IRA","TWh","Secondary Energy|Electricity|Biomass|w/o CCS","Biomass w/o CCS",2030,60.5832216367589
"E.18.GenerationbyModel","NEMS-RHG","IRA","TWh","Secondary Energy|Electricity|Coal|w/o CCS","Coal w/o CCS",2030,137.585572681637
"E.18.GenerationbyModel","NEMS-RHG","IRA","TWh","Secondary Energy|Electricity|Gas|w/o CCS","Gas w/o CCS",2030,821.172534503001
"E.18.GenerationbyModel","NEMS-RHG","IRA","TWh","Secondary Energy|Electricity|Hydro","Hydro",2030,285.105719907099
"E.18.GenerationbyModel","NEMS-RHG","IRA","TWh","Secondary Energy|Electricity|Nuclear","Nuclear",2030,754.85031753431
"E.18.GenerationbyModel","NEMS-RHG","IRA","TWh","Secondary Energy|Electricity|Solar","Solar",2030,1004.13162356648
"E.18.GenerationbyModel","NEMS-RHG","IRA","TWh","Secondary Energy|Electricity|Wind","Wind",2030,1232.70884259315
"E.18.GenerationbyModel","NEMS-RHG","IRA","TWh","Secondary Energy|Electricity|Biomass|w/o CCS","Biomass w/o CCS",2035,70.4785968886725
"E.18.GenerationbyModel","NEMS-RHG","IRA","TWh","Secondary Energy|Electricity|Coal|w/o CCS","Coal w/o CCS",2035,204.839622817879
"E.18.GenerationbyModel","NEMS-RHG","IRA","TWh","Secondary Energy|Electricity|Gas|w/o CCS","Gas w/o CCS",2035,947.131735201103
"E.18.GenerationbyModel","NEMS-RHG","IRA","TWh","Secondary Energy|Electricity|Hydro","Hydro",2035,259.537059774279
"E.18.GenerationbyModel","NEMS-RHG","IRA","TWh","Secondary Energy|Electricity|Nuclear","Nuclear",2035,186.504077027524
"E.18.GenerationbyModel","NEMS-RHG","IRA","TWh","Secondary Energy|Electricity|Solar","Solar",2035,1409.18026884848
"E.18.GenerationbyModel","NEMS-RHG","IRA","TWh","Secondary Energy|Electricity|Wind","Wind",2035,1483.28729319396
"E.18.GenerationbyModel","NEMS-RHG","No IRA","TWh","Secondary Energy|Electricity|Biomass|w/o CCS","Biomass w/o CCS",2030,56.8818074983662
"E.18.GenerationbyModel","NEMS-RHG","No IRA","TWh","Secondary Energy|Electricity|Coal|w/o CCS","Coal w/o CCS",2030,485.200097442143
"E.18.GenerationbyModel","NEMS-RHG","No IRA","TWh","Secondary Energy|Electricity|Gas|w/o CCS","Gas w/o CCS",2030,1259.83988050349
"E.18.GenerationbyModel","NEMS-RHG","No IRA","TWh","Secondary Energy|Electricity|Hydro","Hydro",2030,296.673015957768
"E.18.GenerationbyModel","NEMS-RHG","No IRA","TWh","Secondary Energy|Electricity|Nuclear","Nuclear",2030,679.10992469367
"E.18.GenerationbyModel","NEMS-RHG","No IRA","TWh","Secondary Energy|Electricity|Solar","Solar",2030,704.187336700298
"E.18.GenerationbyModel","NEMS-RHG","No IRA","TWh","Secondary Energy|Electricity|Wind","Wind",2030,779.58146779574
"E.18.GenerationbyModel","NEMS-RHG","No IRA","TWh","Secondary Energy|Electricity|Biomass|w/o CCS","Biomass w/o CCS",2035,65.6267135321265
"E.18.GenerationbyModel","NEMS-RHG","No IRA","TWh","Secondary Energy|Electricity|Coal|w/o CCS","Coal w/o CCS",2035,446.343652337223
"E.18.GenerationbyModel","NEMS-RHG","No IRA","TWh","Secondary Energy|Electricity|Gas|w/o CCS","Gas w/o CCS",2035,1184.87019874088
"E.18.GenerationbyModel","NEMS-RHG","No IRA","TWh","Secondary Energy|Electricity|Hydro","Hydro",2035,293.199171708598
"E.18.GenerationbyModel","NEMS-RHG","No IRA","TWh","Secondary Energy|Electricity|Nuclear","Nuclear",2035,624.699225557695
"E.18.GenerationbyModel","NEMS-RHG","No IRA","TWh","Secondary Energy|Electricity|Solar","Solar",2035,1011.6742323183
"E.18.GenerationbyModel","NEMS-RHG","No IRA","TWh","Secondary Energy|Electricity|Wind","Wind",2035,818.233442594171
"E.18.GenerationbyModel","REGEN-EPRI","IRA","TWh","Secondary Energy|Electricity|Biomass|w/ CCS","Biomass w/ CCS",2030,5.06885069644946
"E.18.GenerationbyModel","REGEN-EPRI","IRA","TWh","Secondary Energy|Electricity|Biomass|w/o CCS","Biomass w/o CCS",2030,56.5623021003336
"E.18.GenerationbyModel","REGEN-EPRI","IRA","TWh","Secondary Energy|Electricity|Coal|w/ CCS","Coal w/ CCS",2030,176.440099006812
"E.18.GenerationbyModel","REGEN-EPRI","IRA","TWh","Secondary Energy|Electricity|Coal|w/o CCS","Coal w/o CCS",2030,464.649707844632
"E.18.GenerationbyModel","REGEN-EPRI","IRA","TWh","Secondary Energy|Electricity|Gas|w/ CCS","Gas w/ CCS",2030,0.558430314950372
"E.18.GenerationbyModel","REGEN-EPRI","IRA","TWh","Secondary Energy|Electricity|Gas|w/o CCS","Gas w/o CCS",2030,1322.60357971846
"E.18.GenerationbyModel","REGEN-EPRI","IRA","TWh","Secondary Energy|Electricity|Hydro","Hydro",2030,277.423349874519
"E.18.GenerationbyModel","REGEN-EPRI","IRA","TWh","Secondary Energy|Electricity|Hydrogen","Hydrogen",2030,0.194374982095072
"E.18.GenerationbyModel","REGEN-EPRI","IRA","TWh","Secondary Energy|Electricity|Nuclear","Nuclear",2030,781.930816123705
"E.18.GenerationbyModel","REGEN-EPRI","IRA","TWh","Secondary Energy|Electricity|Solar","Solar",2030,548.521054297254
"E.18.GenerationbyModel","REGEN-EPRI","IRA","TWh","Secondary Energy|Electricity|Wind","Wind",2030,627.430649585352
"E.18.GenerationbyModel","REGEN-EPRI","IRA","TWh","Secondary Energy|Electricity|Biomass|w/ CCS","Biomass w/ CCS",2035,5.06434227925442
"E.18.GenerationbyModel","REGEN-EPRI","IRA","TWh","Secondary Energy|Electricity|Biomass|w/o CCS","Biomass w/o CCS",2035,56.5240237046016
"E.18.GenerationbyModel","REGEN-EPRI","IRA","TWh","Secondary Energy|Electricity|Coal|w/ CCS","Coal w/ CCS",2035,176.274395150999
"E.18.GenerationbyModel","REGEN-EPRI","IRA","TWh","Secondary Energy|Electricity|Coal|w/o CCS","Coal w/o CCS",2035,150.989817851839
"E.18.GenerationbyModel","REGEN-EPRI","IRA","TWh","Secondary Energy|Electricity|Gas|w/ CCS","Gas w/ CCS",2035,0.560972342143891
"E.18.GenerationbyModel","REGEN-EPRI","IRA","TWh","Secondary Energy|Electricity|Gas|w/o CCS","Gas w/o CCS",2035,871.885632069761
"E.18.GenerationbyModel","REGEN-EPRI","IRA","TWh","Secondary Energy|Electricity|Hydro","Hydro",2035,305.913797891936
"E.18.GenerationbyModel","REGEN-EPRI","IRA","TWh","Secondary Energy|Electricity|Hydrogen","Hydrogen",2035,0.0104585296448268
"E.18.GenerationbyModel","REGEN-EPRI","IRA","TWh","Secondary Energy|Electricity|Nuclear","Nuclear",2035,761.358322406643
"E.18.GenerationbyModel","REGEN-EPRI","IRA","TWh","Secondary Energy|Electricity|Solar","Solar",2035,896.196128977342
"E.18.GenerationbyModel","REGEN-EPRI","IRA","TWh","Secondary Energy|Electricity|Wind","Wind",2035,1367.98572294127
"E.18.GenerationbyModel","REGEN-EPRI","No IRA","TWh","Secondary Energy|Electricity|Biomass|w/ CCS","Biomass w/ CCS",2030,2.80958115884772e-07
"E.18.GenerationbyModel","REGEN-EPRI","No IRA","TWh","Secondary Energy|Electricity|Biomass|w/o CCS","Biomass w/o CCS",2030,58.6563632545438
"E.18.GenerationbyModel","REGEN-EPRI","No IRA","TWh","Secondary Energy|Electricity|Coal|w/ CCS","Coal w/ CCS",2030,5.95495396271783e-07
"E.18.GenerationbyModel","REGEN-EPRI","No IRA","TWh","Secondary Energy|Electricity|Coal|w/o CCS","Coal w/o CCS",2030,668.24260892346
"E.18.GenerationbyModel","REGEN-EPRI","No IRA","TWh","Secondary Energy|Electricity|Gas|w/ CCS","Gas w/ CCS",2030,2.62803398015605e-06
"E.18.GenerationbyModel","REGEN-EPRI","No IRA","TWh","Secondary Energy|Electricity|Gas|w/o CCS","Gas w/o CCS",2030,1191.69380802783
"E.18.GenerationbyModel","REGEN-EPRI","No IRA","TWh","Secondary Energy|Electricity|Hydro","Hydro",2030,258.546299340115
"E.18.GenerationbyModel","REGEN-EPRI","No IRA","TWh","Secondary Energy|Electricity|Hydrogen","Hydrogen",2030,3.22825361774531e-07
"E.18.GenerationbyModel","REGEN-EPRI","No IRA","TWh","Secondary Energy|Electricity|Nuclear","Nuclear",2030,779.189040938261
"E.18.GenerationbyModel","REGEN-EPRI","No IRA","TWh","Secondary Energy|Electricity|Solar","Solar",2030,527.004999145144
"E.18.GenerationbyModel","REGEN-EPRI","No IRA","TWh","Secondary Energy|Electricity|Wind","Wind",2030,630.906850020765
"E.18.GenerationbyModel","REGEN-EPRI","No IRA","TWh","Secondary Energy|Electricity|Biomass|w/ CCS","Biomass w/ CCS",2035,3.50283408994738
"E.18.GenerationbyModel","REGEN-EPRI","No IRA","TWh","Secondary Energy|Electricity|Biomass|w/o CCS","Biomass w/o CCS",2035,57.4404622722988
"E.18.GenerationbyModel","REGEN-EPRI","No IRA","TWh","Secondary Energy|Electricity|Coal|w/ CCS","Coal w/ CCS",2035,1.26393492971541e-06
"E.18.GenerationbyModel","REGEN-EPRI","No IRA","TWh","Secondary Energy|Electricity|Coal|w/o CCS","Coal w/o CCS",2035,594.478298623093
"E.18.GenerationbyModel","REGEN-EPRI","No IRA","TWh","Secondary Energy|Electricity|Gas|w/ CCS","Gas w/ CCS",2035,3.02618326131492e-06
"E.18.GenerationbyModel","REGEN-EPRI","No IRA","TWh","Secondary Energy|Electricity|Gas|w/o CCS","Gas w/o CCS",2035,1365.73746129662
"E.18.GenerationbyModel","REGEN-EPRI","No IRA","TWh","Secondary Energy|Electricity|Hydro","Hydro",2035,276.185339162279
"E.18.GenerationbyModel","REGEN-EPRI","No IRA","TWh","Secondary Energy|Electricity|Hydrogen","Hydrogen",2035,1.91870740168236e-07
"E.18.GenerationbyModel","REGEN-EPRI","No IRA","TWh","Secondary Energy|Electricity|Nuclear","Nuclear",2035,782.68857694669
"E.18.GenerationbyModel","REGEN-EPRI","No IRA","TWh","Secondary Energy|Electricity|Solar","Solar",2035,578.446611992105
"E.18.GenerationbyModel","REGEN-EPRI","No IRA","TWh","Secondary Energy|Electricity|Wind","Wind",2035,643.989060601551
"E.18.GenerationbyModel","RIO-REPEAT","IRA","TWh","Secondary Energy|Electricity|Biomass|w/o CCS","Biomass w/o CCS",2030,39.999277461024
"E.18.GenerationbyModel","RIO-REPEAT","IRA","TWh","Secondary Energy|Electricity|Coal|w/o CCS","Coal w/o CCS",2030,474.99141984966
"E.18.GenerationbyModel","RIO-REPEAT","IRA","TWh","Secondary Energy|Electricity|Gas|w/ CCS","Gas w/ CCS",2030,4.999909682628
"E.18.GenerationbyModel","RIO-REPEAT","IRA","TWh","Secondary Energy|Electricity|Gas|w/o CCS","Gas w/o CCS",2030,811.985332458787
"E.18.GenerationbyModel","RIO-REPEAT","IRA","TWh","Secondary Energy|Electricity|Hydro","Hydro",2030,296.994635148103
"E.18.GenerationbyModel","RIO-REPEAT","IRA","TWh","Secondary Energy|Electricity|Nuclear","Nuclear",2030,793.985657601326
"E.18.GenerationbyModel","RIO-REPEAT","IRA","TWh","Secondary Energy|Electricity|Solar","Solar",2030,947.982875826269
"E.18.GenerationbyModel","RIO-REPEAT","IRA","TWh","Secondary Energy|Electricity|Wind","Wind",2030,1736.96862374497
"E.18.GenerationbyModel","RIO-REPEAT","IRA","TWh","Secondary Energy|Electricity|Biomass|w/o CCS","Biomass w/o CCS",2035,30.9994400322936
"E.18.GenerationbyModel","RIO-REPEAT","IRA","TWh","Secondary Energy|Electricity|Coal|w/o CCS","Coal w/o CCS",2035,235.995737020042
"E.18.GenerationbyModel","RIO-REPEAT","IRA","TWh","Secondary Energy|Electricity|Gas|w/ CCS","Gas w/ CCS",2035,1.9999638730512
"E.18.GenerationbyModel","RIO-REPEAT","IRA","TWh","Secondary Energy|Electricity|Gas|w/o CCS","Gas w/o CCS",2035,444.991961753892
"E.18.GenerationbyModel","RIO-REPEAT","IRA","TWh","Secondary Energy|Electricity|Hydro","Hydro",2035,272.995068671489
"E.18.GenerationbyModel","RIO-REPEAT","IRA","TWh","Secondary Energy|Electricity|Nuclear","Nuclear",2035,786.985784045647
"E.18.GenerationbyModel","RIO-REPEAT","IRA","TWh","Secondary Energy|Electricity|Solar","Solar",2035,2119.96170543427
"E.18.GenerationbyModel","RIO-REPEAT","IRA","TWh","Secondary Energy|Electricity|Wind","Wind",2035,2370.9571715022
"E.18.GenerationbyModel","RIO-REPEAT","No IRA","TWh","Secondary Energy|Electricity|Biomass|w/o CCS","Biomass w/o CCS",2030,40.9992593975496
"E.18.GenerationbyModel","RIO-REPEAT","No IRA","TWh","Secondary Energy|Electricity|Coal|w/o CCS","Coal w/o CCS",2030,653.988186487742
"E.18.GenerationbyModel","RIO-REPEAT","No IRA","TWh","Secondary Energy|Electricity|Gas|w/ CCS","Gas w/ CCS",2030,3.9999277461024
"E.18.GenerationbyModel","RIO-REPEAT","No IRA","TWh","Secondary Energy|Electricity|Gas|w/o CCS","Gas w/o CCS",2030,971.982442302883
"E.18.GenerationbyModel","RIO-REPEAT","No IRA","TWh","Secondary Energy|Electricity|Hydro","Hydro",2030,303.994508703782
"E.18.GenerationbyModel","RIO-REPEAT","No IRA","TWh","Secondary Energy|Electricity|Nuclear","Nuclear",2030,794.985639537852
"E.18.GenerationbyModel","RIO-REPEAT","No IRA","TWh","Secondary Energy|Electricity|Solar","Solar",2030,746.986506584623
"E.18.GenerationbyModel","RIO-REPEAT","No IRA","TWh","Secondary Energy|Electricity|Wind","Wind",2030,1094.98022049553
"E.18.GenerationbyModel","RIO-REPEAT","No IRA","TWh","Secondary Energy|Electricity|Biomass|w/o CCS","Biomass w/o CCS",2035,39.999277461024
"E.18.GenerationbyModel","RIO-REPEAT","No IRA","TWh","Secondary Energy|Electricity|Coal|w/o CCS","Coal w/o CCS",2035,492.991094707121
"E.18.GenerationbyModel","RIO-REPEAT","No IRA","TWh","Secondary Energy|Electricity|Gas|w/ CCS","Gas w/ CCS",2035,2.9999458095768
"E.18.GenerationbyModel","RIO-REPEAT","No IRA","TWh","Secondary Energy|Electricity|Gas|w/o CCS","Gas w/o CCS",2035,837.984862808453
"E.18.GenerationbyModel","RIO-REPEAT","No IRA","TWh","Secondary Energy|Electricity|Hydro","Hydro",2035,298.994599021154
"E.18.GenerationbyModel","RIO-REPEAT","No IRA","TWh","Secondary Energy|Electricity|Nuclear","Nuclear",2035,788.985747918698
"E.18.GenerationbyModel","RIO-REPEAT","No IRA","TWh","Secondary Energy|Electricity|Solar","Solar",2035,1284.9767884354
"E.18.GenerationbyModel","RIO-REPEAT","No IRA","TWh","Secondary Energy|Electricity|Wind","Wind",2035,1393.97481951669
"E.18.GenerationbyModel","ReEDS-NREL","IRA","TWh","Secondary Energy|Electricity|Biomass|w/o CCS","Biomass w/o CCS",2030,16.1483483570138
"E.18.GenerationbyModel","ReEDS-NREL","IRA","TWh","Secondary Energy|Electricity|Coal|w/ CCS","Coal w/ CCS",2030,269.384440793865
"E.18.GenerationbyModel","ReEDS-NREL","IRA","TWh","Secondary Energy|Electricity|Coal|w/o CCS","Coal w/o CCS",2030,72.0564687058277
"E.18.GenerationbyModel","ReEDS-NREL","IRA","TWh","Secondary Energy|Electricity|Gas|w/o CCS","Gas w/o CCS",2030,731.778380230217
"E.18.GenerationbyModel","ReEDS-NREL","IRA","TWh","Secondary Energy|Electricity|Hydro","Hydro",2030,302.802232032369
"E.18.GenerationbyModel","ReEDS-NREL","IRA","TWh","Secondary Energy|Electricity|Nuclear","Nuclear",2030,738.383911991177
"E.18.GenerationbyModel","ReEDS-NREL","IRA","TWh","Secondary Energy|Electricity|Solar","Solar",2030,996.23636866845
"E.18.GenerationbyModel","ReEDS-NREL","IRA","TWh","Secondary Energy|Electricity|Wind","Wind",2030,1273.87607965172
"E.18.GenerationbyModel","ReEDS-NREL","IRA","TWh","Secondary Energy|Electricity|Biomass|w/o CCS","Biomass w/o CCS",2035,15.4742958526765
"E.18.GenerationbyModel","ReEDS-NREL","IRA","TWh","Secondary Energy|Electricity|Coal|w/ CCS","Coal w/ CCS",2035,290.122006610218
"E.18.GenerationbyModel","ReEDS-NREL","IRA","TWh","Secondary Energy|Electricity|Coal|w/o CCS","Coal w/o CCS",2035,62.4417794496393
"E.18.GenerationbyModel","ReEDS-NREL","IRA","TWh","Secondary Energy|Electricity|Gas|w/o CCS","Gas w/o CCS",2035,517.103265777699
"E.18.GenerationbyModel","ReEDS-NREL","IRA","TWh","Secondary Energy|Electricity|Hydro","Hydro",2035,302.033290829059
"E.18.GenerationbyModel","ReEDS-NREL","IRA","TWh","Secondary Energy|Electricity|Nuclear","Nuclear",2035,722.816672550963
"E.18.GenerationbyModel","ReEDS-NREL","IRA","TWh","Secondary Energy|Electricity|Solar","Solar",2035,1275.4353580835
"E.18.GenerationbyModel","ReEDS-NREL","IRA","TWh","Secondary Energy|Electricity|Wind","Wind",2035,1574.74714683356
"E.18.GenerationbyModel","ReEDS-NREL","No IRA","TWh","Secondary Energy|Electricity|Biomass|w/o CCS","Biomass w/o CCS",2030,17.5386902819623
"E.18.GenerationbyModel","ReEDS-NREL","No IRA","TWh","Secondary Energy|Electricity|Coal|w/ CCS","Coal w/ CCS",2030,0
"E.18.GenerationbyModel","ReEDS-NREL","No IRA","TWh","Secondary Energy|Electricity|Coal|w/o CCS","Coal w/o CCS",2030,696.413423810755
"E.18.GenerationbyModel","ReEDS-NREL","No IRA","TWh","Secondary Energy|Electricity|Gas|w/o CCS","Gas w/o CCS",2030,1303.159476585
"E.18.GenerationbyModel","ReEDS-NREL","No IRA","TWh","Secondary Energy|Electricity|Hydro","Hydro",2030,302.31975295862
"E.18.GenerationbyModel","ReEDS-NREL","No IRA","TWh","Secondary Energy|Electricity|Nuclear","Nuclear",2030,762.482534985771
"E.18.GenerationbyModel","ReEDS-NREL","No IRA","TWh","Secondary Energy|Electricity|Solar","Solar",2030,504.387027234714
"E.18.GenerationbyModel","ReEDS-NREL","No IRA","TWh","Secondary Energy|Electricity|Wind","Wind",2030,686.121359774013
"E.18.GenerationbyModel","ReEDS-NREL","No IRA","TWh","Secondary Energy|Electricity|Biomass|w/o CCS","Biomass w/o CCS",2035,16.4029135884461
"E.18.GenerationbyModel","ReEDS-NREL","No IRA","TWh","Secondary Energy|Electricity|Coal|w/ CCS","Coal w/ CCS",2035,0
"E.18.GenerationbyModel","ReEDS-NREL","No IRA","TWh","Secondary Energy|Electricity|Coal|w/o CCS","Coal w/o CCS",2035,637.858233126475
"E.18.GenerationbyModel","ReEDS-NREL","No IRA","TWh","Secondary Energy|Electricity|Gas|w/o CCS","Gas w/o CCS",2035,1295.59917138374
"E.18.GenerationbyModel","ReEDS-NREL","No IRA","TWh","Secondary Energy|Electricity|Hydro","Hydro",2035,303.647597995617
"E.18.GenerationbyModel","ReEDS-NREL","No IRA","TWh","Secondary Energy|Electricity|Nuclear","Nuclear",2035,762.482534985771
"E.18.GenerationbyModel","ReEDS-NREL","No IRA","TWh","Secondary Energy|Electricity|Solar","Solar",2035,589.23619449234
"E.18.GenerationbyModel","ReEDS-NREL","No IRA","TWh","Secondary Energy|Electricity|Wind","Wind",2035,831.296511055792
"E.18.GenerationbyModel","USREP-ReEDS","IRA","TWh","Secondary Energy|Electricity|Biomass|w/ CCS","Biomass w/ CCS",2030,0
"E.18.GenerationbyModel","USREP-ReEDS","IRA","TWh","Secondary Energy|Electricity|Biomass|w/o CCS","Biomass w/o CCS",2030,18.9028774310784
"E.18.GenerationbyModel","USREP-ReEDS","IRA","TWh","Secondary Energy|Electricity|Coal|w/ CCS","Coal w/ CCS",2030,1.02220375733728e-08
"E.18.GenerationbyModel","USREP-ReEDS","IRA","TWh","Secondary Energy|Electricity|Coal|w/o CCS","Coal w/o CCS",2030,267.69816713144
"E.18.GenerationbyModel","USREP-ReEDS","IRA","TWh","Secondary Energy|Electricity|Gas|w/ CCS","Gas w/ CCS",2030,2.8888367055184e-08
"E.18.GenerationbyModel","USREP-ReEDS","IRA","TWh","Secondary Energy|Electricity|Gas|w/o CCS","Gas w/o CCS",2030,860.550431299632
"E.18.GenerationbyModel","USREP-ReEDS","IRA","TWh","Secondary Energy|Electricity|Geothermal","Geothermal",2030,3.27743551928021
"E.18.GenerationbyModel","USREP-ReEDS","IRA","TWh","Secondary Energy|Electricity|Hydro","Hydro",2030,302.287975641367
"E.18.GenerationbyModel","USREP-ReEDS","IRA","TWh","Secondary Energy|Electricity|Nuclear","Nuclear",2030,746.513114580326
"E.18.GenerationbyModel","USREP-ReEDS","IRA","TWh","Secondary Energy|Electricity|Solar","Solar",2030,726.869658304694
"E.18.GenerationbyModel","USREP-ReEDS","IRA","TWh","Secondary Energy|Electricity|Wind","Wind",2030,1360.75489126152
"E.18.GenerationbyModel","USREP-ReEDS","IRA","TWh","Secondary Energy|Electricity|Biomass|w/ CCS","Biomass w/ CCS",2035,0
"E.18.GenerationbyModel","USREP-ReEDS","IRA","TWh","Secondary Energy|Electricity|Biomass|w/o CCS","Biomass w/o CCS",2035,18.2383411017969
"E.18.GenerationbyModel","USREP-ReEDS","IRA","TWh","Secondary Energy|Electricity|Coal|w/ CCS","Coal w/ CCS",2035,2.8332821534892e-08
"E.18.GenerationbyModel","USREP-ReEDS","IRA","TWh","Secondary Energy|Electricity|Coal|w/o CCS","Coal w/o CCS",2035,190.233555881183
"E.18.GenerationbyModel","USREP-ReEDS","IRA","TWh","Secondary Energy|Electricity|Gas|w/ CCS","Gas w/ CCS",2035,6.9165417276354e-08
"E.18.GenerationbyModel","USREP-ReEDS","IRA","TWh","Secondary Energy|Electricity|Gas|w/o CCS","Gas w/o CCS",2035,736.564637343192
"E.18.GenerationbyModel","USREP-ReEDS","IRA","TWh","Secondary Energy|Electricity|Geothermal","Geothermal",2035,3.27743551928021
"E.18.GenerationbyModel","USREP-ReEDS","IRA","TWh","Secondary Energy|Electricity|Hydro","Hydro",2035,302.851426018867
"E.18.GenerationbyModel","USREP-ReEDS","IRA","TWh","Secondary Energy|Electricity|Nuclear","Nuclear",2035,721.659549085736
"E.18.GenerationbyModel","USREP-ReEDS","IRA","TWh","Secondary Energy|Electricity|Solar","Solar",2035,824.56630686524
"E.18.GenerationbyModel","USREP-ReEDS","IRA","TWh","Secondary Energy|Electricity|Wind","Wind",2035,1635.37808802282
"E.18.GenerationbyModel","USREP-ReEDS","No IRA","TWh","Secondary Energy|Electricity|Biomass|w/ CCS","Biomass w/ CCS",2030,0
"E.18.GenerationbyModel","USREP-ReEDS","No IRA","TWh","Secondary Energy|Electricity|Biomass|w/o CCS","Biomass w/o CCS",2030,24.4711015700096
"E.18.GenerationbyModel","USREP-ReEDS","No IRA","TWh","Secondary Energy|Electricity|Coal|w/ CCS","Coal w/ CCS",2030,9.4720511209786e-09
"E.18.GenerationbyModel","USREP-ReEDS","No IRA","TWh","Secondary Energy|Electricity|Coal|w/o CCS","Coal w/o CCS",2030,599.991477706861
"E.18.GenerationbyModel","USREP-ReEDS","No IRA","TWh","Secondary Energy|Electricity|Gas|w/ CCS","Gas w/ CCS",2030,2.04996296987748e-08
"E.18.GenerationbyModel","USREP-ReEDS","No IRA","TWh","Secondary Energy|Electricity|Gas|w/o CCS","Gas w/o CCS",2030,1356.49317407766
"E.18.GenerationbyModel","USREP-ReEDS","No IRA","TWh","Secondary Energy|Electricity|Geothermal","Geothermal",2030,5.10681330709779
"E.18.GenerationbyModel","USREP-ReEDS","No IRA","TWh","Secondary Energy|Electricity|Hydro","Hydro",2030,300.677255014881
"E.18.GenerationbyModel","USREP-ReEDS","No IRA","TWh","Secondary Energy|Electricity|Nuclear","Nuclear",2030,762.482535000788
"E.18.GenerationbyModel","USREP-ReEDS","No IRA","TWh","Secondary Energy|Electricity|Solar","Solar",2030,536.689688955535
"E.18.GenerationbyModel","USREP-ReEDS","No IRA","TWh","Secondary Energy|Electricity|Wind","Wind",2030,664.57814130402
"E.18.GenerationbyModel","USREP-ReEDS","No IRA","TWh","Secondary Energy|Electricity|Biomass|w/ CCS","Biomass w/ CCS",2035,0
"E.18.GenerationbyModel","USREP-ReEDS","No IRA","TWh","Secondary Energy|Electricity|Biomass|w/o CCS","Biomass w/o CCS",2035,23.5262441932805
"E.18.GenerationbyModel","USREP-ReEDS","No IRA","TWh","Secondary Energy|Electricity|Coal|w/ CCS","Coal w/ CCS",2035,2.16940525674026e-08
"E.18.GenerationbyModel","USREP-ReEDS","No IRA","TWh","Secondary Energy|Electricity|Coal|w/o CCS","Coal w/o CCS",2035,478.289864433881
"E.18.GenerationbyModel","USREP-ReEDS","No IRA","TWh","Secondary Energy|Electricity|Gas|w/ CCS","Gas w/ CCS",2035,6.0276688951682e-08
"E.18.GenerationbyModel","USREP-ReEDS","No IRA","TWh","Secondary Energy|Electricity|Gas|w/o CCS","Gas w/o CCS",2035,1481.48093382368
"E.18.GenerationbyModel","USREP-ReEDS","No IRA","TWh","Secondary Energy|Electricity|Geothermal","Geothermal",2035,5.10681358487055
"E.18.GenerationbyModel","USREP-ReEDS","No IRA","TWh","Secondary Energy|Electricity|Hydro","Hydro",2035,301.438434320645
"E.18.GenerationbyModel","USREP-ReEDS","No IRA","TWh","Secondary Energy|Electricity|Nuclear","Nuclear",2035,762.482535000788
"E.18.GenerationbyModel","USREP-ReEDS","No IRA","TWh","Secondary Energy|Electricity|Solar","Solar",2035,592.468633875791
"E.18.GenerationbyModel","USREP-ReEDS","No IRA","TWh","Secondary Energy|Electricity|Wind","Wind",2035,750.972608191589
