"model","scenario","unit","region","category","year","value","value_2005","percent diff 2005"
"EPS-EI","IRA","Mt CO2/yr","United States","Economy-Wide.IRA",2030,3683.07333616727,6132.18327,39.9386291309054
"EPS-EI","IRA","Mt CO2/yr","United States","Economy-Wide.IRA",2035,3181.23945999667,6132.18327,48.1222377100176
"EPS-EI","IRA","Mt CO2/yr","United States","Economy-Wide.IRA",2030,3376.217326,6132.18327,44.9426545596378
"EPS-EI","IRA","Mt CO2/yr","United States","Economy-Wide.IRA",2035,3094.863156,6132.18327,49.5308111363736
"EPS-EI","IRA","Mt CO2/yr","United States","Economy-Wide.IRA",2030,3748.936323,6132.18327,38.8645746884209
"EPS-EI","IRA","Mt CO2/yr","United States","Economy-Wide.IRA",2035,3254.737543,6132.18327,46.9236746572318
"EPS-EI","No IRA","Mt CO2/yr","United States","Economy-Wide.No IRA",2030,4469.11212426198,6132.18327,27.1203757701459
"EPS-EI","No IRA","Mt CO2/yr","United States","Economy-Wide.No IRA",2035,4270.52739601984,6132.18327,30.3587774861165
"GCAM-CGS","IRA","Mt CO2/yr","United States","Economy-Wide.IRA",2030,3535.15117247745,6132.18327,42.3508558563115
"GCAM-CGS","IRA","Mt CO2/yr","United States","Economy-Wide.IRA",2035,3265.13939647775,6132.18327,46.7540474132348
"GCAM-CGS","IRA","Mt CO2/yr","United States","Economy-Wide.IRA",2030,3427.25922697343,6132.18327,44.1102935761829
"GCAM-CGS","IRA","Mt CO2/yr","United States","Economy-Wide.IRA",2035,3218.90625123017,6132.18327,47.5079900664781
"GCAM-CGS","IRA","Mt CO2/yr","United States","Economy-Wide.IRA",2030,3627.25144007183,6132.18327,40.8489394337389
"GCAM-CGS","IRA","Mt CO2/yr","United States","Economy-Wide.IRA",2035,3280.83640411991,6132.18327,46.4980699423892
"GCAM-CGS","No IRA","Mt CO2/yr","United States","Economy-Wide.No IRA",2030,4515.63157057819,6132.18327,26.3617642892433
"GCAM-CGS","No IRA","Mt CO2/yr","United States","Economy-Wide.No IRA",2035,4358.33318134285,6132.18327,28.926892927927
"GCAM-PNNL","IRA","Mt CO2/yr","United States","Economy-Wide.IRA",2030,3573.8827144237,6132.18327,41.7192448910011
"GCAM-PNNL","IRA","Mt CO2/yr","United States","Economy-Wide.IRA",2035,3225.48302293793,6132.18327,47.4007399824838
"GCAM-PNNL","IRA","Mt CO2/yr","United States","Economy-Wide.IRA",2030,3403.82,6132.18327,44.4925265581634
"GCAM-PNNL","IRA","Mt CO2/yr","United States","Economy-Wide.IRA",2035,3025.554,6132.18327,50.6610636573489
"GCAM-PNNL","IRA","Mt CO2/yr","United States","Economy-Wide.IRA",2030,3725.001,6132.18327,39.2548977095396
"GCAM-PNNL","IRA","Mt CO2/yr","United States","Economy-Wide.IRA",2035,3428.731,6132.18327,44.0862927764388
"GCAM-PNNL","IRA","Mt CO2/yr","United States","Economy-Wide.IRA",2030,3631.81913612816,6132.18327,40.7744521613399
"GCAM-PNNL","IRA","Mt CO2/yr","United States","Economy-Wide.IRA",2035,3310.10805031081,6132.18327,46.0207253344075
"GCAM-PNNL","IRA","Mt CO2/yr","United States","Economy-Wide.IRA",2030,3681.099,6132.18327,39.9708254316411
"GCAM-PNNL","IRA","Mt CO2/yr","United States","Economy-Wide.IRA",2035,3403.72,6132.18327,44.4941572987267
"GCAM-PNNL","IRA","Mt CO2/yr","United States","Economy-Wide.IRA",2030,3533.636,6132.18327,42.3755643885053
"GCAM-PNNL","IRA","Mt CO2/yr","United States","Economy-Wide.IRA",2035,3182.998,6132.18327,48.0935604848614
"GCAM-PNNL","No IRA","Mt CO2/yr","United States","Economy-Wide.No IRA",2030,4093.635,6132.18327,33.2434335414114
"GCAM-PNNL","No IRA","Mt CO2/yr","United States","Economy-Wide.No IRA",2035,3788,6132.18327,38.227547462064
"MARKAL-NETL","IRA","Mt CO2/yr","United States","Economy-Wide.IRA",2030,3978.59,6132.18327,35.1195190224639
"MARKAL-NETL","IRA","Mt CO2/yr","United States","Economy-Wide.IRA",2035,3385.68,6132.18327,44.7883428963466
"MARKAL-NETL","No IRA","Mt CO2/yr","United States","Economy-Wide.No IRA",2030,4171.2,6132.18327,31.9785496234851
"MARKAL-NETL","No IRA","Mt CO2/yr","United States","Economy-Wide.No IRA",2035,4163.41,6132.18327,32.1055843133664
"NEMS-EIA","IRA","Mt CO2/yr","United States","Economy-Wide.IRA",2030,4007.489174,6132.18327,34.6482484695863
"NEMS-EIA","IRA","Mt CO2/yr","United States","Economy-Wide.IRA",2035,3904.675421,6132.18327,36.3248740444119
"NEMS-EIA","No IRA","Mt CO2/yr","United States","Economy-Wide.No IRA",2030,4436.179517,6132.18327,27.6574211553204
"NEMS-EIA","No IRA","Mt CO2/yr","United States","Economy-Wide.No IRA",2035,4318.532851,6132.18327,29.5759330591566
"NEMS-RHG","IRA","Mt CO2/yr","United States","Economy-Wide.IRA",2030,3731.42341620699,6132.18327,39.150164763308
"NEMS-RHG","IRA","Mt CO2/yr","United States","Economy-Wide.IRA",2035,3572.57563575272,6132.18327,41.7405599530831
"NEMS-RHG","No IRA","Mt CO2/yr","United States","Economy-Wide.No IRA",2030,4267.33793080568,6132.18327,30.4107893891162
"NEMS-RHG","No IRA","Mt CO2/yr","United States","Economy-Wide.No IRA",2035,4069.21513053717,6132.18327,33.6416582582476
"RIO-REPEAT","IRA","Mt CO2/yr","United States","Economy-Wide.IRA",2030,3693,6132.18327,39.7767509972023
"RIO-REPEAT","IRA","Mt CO2/yr","United States","Economy-Wide.IRA",2035,2763,6132.18327,54.9426382359247
"RIO-REPEAT","IRA","Mt CO2/yr","United States","Economy-Wide.IRA",2030,3570,6132.18327,41.7825618900656
"RIO-REPEAT","IRA","Mt CO2/yr","United States","Economy-Wide.IRA",2035,2586,6132.18327,57.8290490329719
"RIO-REPEAT","IRA","Mt CO2/yr","United States","Economy-Wide.IRA",2030,3735,6132.18327,39.0918399606149
"RIO-REPEAT","IRA","Mt CO2/yr","United States","Economy-Wide.IRA",2035,2987,6132.18327,51.2897793741249
"RIO-REPEAT","No IRA","Mt CO2/yr","United States","Economy-Wide.No IRA",2030,4156,6132.18327,32.2264221891072
"RIO-REPEAT","No IRA","Mt CO2/yr","United States","Economy-Wide.No IRA",2035,3710,6132.18327,39.4995251014408
"USREP-ReEDS","IRA","Mt CO2/yr","United States","Economy-Wide.IRA",2030,3325.313438,6132.18327,45.7727649095524
"USREP-ReEDS","IRA","Mt CO2/yr","United States","Economy-Wide.IRA",2035,2947.398068,6132.18327,51.9355841431008
"USREP-ReEDS","IRA","Mt CO2/yr","United States","Economy-Wide.IRA",2030,3714.214007,6132.18327,39.4308055799513
"USREP-ReEDS","IRA","Mt CO2/yr","United States","Economy-Wide.IRA",2035,3492.97627,6132.18327,43.038619098545
"USREP-ReEDS","IRA","Mt CO2/yr","United States","Economy-Wide.IRA",2030,3493.680895,6132.18327,43.0271284928508
"USREP-ReEDS","IRA","Mt CO2/yr","United States","Economy-Wide.IRA",2035,3231.66939,6132.18327,47.2998563854077
"USREP-ReEDS","IRA","Mt CO2/yr","United States","Economy-Wide.IRA",2030,3477.093537,6132.18327,43.2976252681372
"USREP-ReEDS","IRA","Mt CO2/yr","United States","Economy-Wide.IRA",2035,3208.064153,6132.18327,47.6847965602307
"USREP-ReEDS","IRA","Mt CO2/yr","United States","Economy-Wide.IRA",2030,3589.719854,6132.18327,41.4609822318634
"USREP-ReEDS","IRA","Mt CO2/yr","United States","Economy-Wide.IRA",2035,3344.497042,6132.18327,45.4599300976208
"USREP-ReEDS","No IRA","Mt CO2/yr","United States","Economy-Wide.No IRA",2030,4231.719803,6132.18327,30.9916286471327
"USREP-ReEDS","No IRA","Mt CO2/yr","United States","Economy-Wide.No IRA",2035,4012.490192,6132.18327,34.5666948404822
"USREP-ReEDS","IRA","Mt CO2/yr","United States","Economy-Wide.IRA",2030,3294.518897,6132.18327,46.2749439809225
"USREP-ReEDS","IRA","Mt CO2/yr","United States","Economy-Wide.IRA",2035,2984.003895,6132.18327,51.3386380736791
"USREP-ReEDS","IRA","Mt CO2/yr","United States","Economy-Wide.IRA",2030,3391.754436,6132.18327,44.6892846045027
"USREP-ReEDS","IRA","Mt CO2/yr","United States","Economy-Wide.IRA",2035,3028.01331,6132.18327,50.6209586916015
"NEMS-OP","IRA","Mt CO2/yr","United States","Economy-Wide.IRA",2030,3836.38348433595,6132.18327,37.4385383570581
"NEMS-OP","IRA","Mt CO2/yr","United States","Economy-Wide.IRA",2035,3402.58860082152,6132.18327,44.512607484063
"NEMS-OP","No IRA","Mt CO2/yr","United States","Economy-Wide.No IRA",2030,4330.458905,6132.18327,29.3814500589771
"NEMS-OP","No IRA","Mt CO2/yr","United States","Economy-Wide.No IRA",2035,4114.083147,6132.18327,32.9099773138385
"REGEN-EPRI","IRA","Mt CO2/yr","United States","Economy-Wide.IRA",2030,3990.38178732904,6132.18327,34.9272255633508
"REGEN-EPRI","IRA","Mt CO2/yr","United States","Economy-Wide.IRA",2035,3224.40184675108,6132.18327,47.4183711611235
"REGEN-EPRI","No IRA","Mt CO2/yr","United States","Economy-Wide.No IRA",2030,4187.81822874878,6132.18327,31.7075494263762
"REGEN-EPRI","No IRA","Mt CO2/yr","United States","Economy-Wide.No IRA",2035,3948.07703792527,6132.18327,35.617106272082
"EPS-EI","IRA","Mt CO2/yr","United States","Electricity.IRA",2030,602.7,2400.1,74.8885463105704
"EPS-EI","IRA","Mt CO2/yr","United States","Electricity.IRA",2035,336.702,2400.1,85.971334527728
"EPS-EI","IRA","Mt CO2/yr","United States","Electricity.IRA",2030,339.282,2400.1,85.863839006708
"EPS-EI","IRA","Mt CO2/yr","United States","Electricity.IRA",2035,308.897,2400.1,87.1298279238365
"EPS-EI","IRA","Mt CO2/yr","United States","Electricity.IRA",2030,669.569,2400.1,72.102454064414
"EPS-EI","IRA","Mt CO2/yr","United States","Electricity.IRA",2035,385.676,2400.1,83.9308362151577
"EPS-EI","No IRA","Mt CO2/yr","United States","Electricity.No IRA",2030,1201.47,2400.1,49.9408357985084
"EPS-EI","No IRA","Mt CO2/yr","United States","Electricity.No IRA",2035,1198.69,2400.1,50.0566643056539
"GCAM-CGS","IRA","Mt CO2/yr","United States","Electricity.IRA",2030,679.659054813217,2400.1,71.6820526305897
"GCAM-CGS","IRA","Mt CO2/yr","United States","Electricity.IRA",2035,445.580298326782,2400.1,81.4349277810599
"GCAM-CGS","IRA","Mt CO2/yr","United States","Electricity.IRA",2030,594.272995537859,2400.1,75.2396568668864
"GCAM-CGS","IRA","Mt CO2/yr","United States","Electricity.IRA",2035,437.138518923095,2400.1,81.7866539342904
"GCAM-CGS","IRA","Mt CO2/yr","United States","Electricity.IRA",2030,763.152178624021,2400.1,68.2033174191067
"GCAM-CGS","IRA","Mt CO2/yr","United States","Electricity.IRA",2035,445.854113821789,2400.1,81.4235192774556
"GCAM-CGS","No IRA","Mt CO2/yr","United States","Electricity.No IRA",2030,1274.91028267317,2400.1,46.8809515156381
"GCAM-CGS","No IRA","Mt CO2/yr","United States","Electricity.No IRA",2035,1293.1152861035,2400.1,46.1224413106329
"GCAM-PNNL","IRA","Mt CO2/yr","United States","Electricity.IRA",2030,837.82059007149,2400.1,65.0922632360531
"GCAM-PNNL","IRA","Mt CO2/yr","United States","Electricity.IRA",2035,792.497027889211,2400.1,66.9806663101866
"GCAM-PNNL","IRA","Mt CO2/yr","United States","Electricity.IRA",2030,781.7242,2400.1,67.4295154368568
"GCAM-PNNL","IRA","Mt CO2/yr","United States","Electricity.IRA",2035,719.7337,2400.1,70.0123453189451
"GCAM-PNNL","IRA","Mt CO2/yr","United States","Electricity.IRA",2030,837.5529,2400.1,65.1034165243115
"GCAM-PNNL","IRA","Mt CO2/yr","United States","Electricity.IRA",2035,792.4751,2400.1,66.9815799341694
"GCAM-PNNL","IRA","Mt CO2/yr","United States","Electricity.IRA",2030,831.998710072543,2400.1,65.3348314623331
"GCAM-PNNL","IRA","Mt CO2/yr","United States","Electricity.IRA",2035,784.368180921919,2400.1,67.3193541551636
"GCAM-PNNL","IRA","Mt CO2/yr","United States","Electricity.IRA",2030,836.4162,2400.1,65.1507770509562
"GCAM-PNNL","IRA","Mt CO2/yr","United States","Electricity.IRA",2035,792.2504,2400.1,66.9909420440815
"GCAM-PNNL","IRA","Mt CO2/yr","United States","Electricity.IRA",2030,826.1101,2400.1,65.5801799925003
"GCAM-PNNL","IRA","Mt CO2/yr","United States","Electricity.IRA",2035,775.6386,2400.1,67.6830715386859
"GCAM-PNNL","No IRA","Mt CO2/yr","United States","Electricity.No IRA",2030,1234.722,2400.1,48.5553935252698
"GCAM-PNNL","No IRA","Mt CO2/yr","United States","Electricity.No IRA",2035,1182.894,2400.1,50.7148035498521
"Haiku-RFF","IRA","Mt CO2/yr","United States","Electricity.IRA",2030,852.658725492053,2400.1,64.4740333531081
"Haiku-RFF","IRA","Mt CO2/yr","United States","Electricity.IRA",2035,767.701065402758,2400.1,68.0137883670365
"Haiku-RFF","IRA","Mt CO2/yr","United States","Electricity.IRA",2030,675.210223643002,2400.1,71.8674128726719
"Haiku-RFF","IRA","Mt CO2/yr","United States","Electricity.IRA",2035,666.917523473785,2400.1,72.2129276499402
"Haiku-RFF","IRA","Mt CO2/yr","United States","Electricity.IRA",2030,902.000745494878,2400.1,62.4182015126504
"Haiku-RFF","IRA","Mt CO2/yr","United States","Electricity.IRA",2035,815.747686691477,2400.1,66.0119292241374
"Haiku-RFF","No IRA","Mt CO2/yr","United States","Electricity.No IRA",2030,1282.5776456571,2400.1,46.5614913688138
"Haiku-RFF","No IRA","Mt CO2/yr","United States","Electricity.No IRA",2035,1174.26339683437,2400.1,51.0743970320249
"IPM-EPA","IRA","Mt CO2/yr","United States","Electricity.IRA",2030,971.719363965523,2400.1,59.5133801105986
"IPM-EPA","IRA","Mt CO2/yr","United States","Electricity.IRA",2035,608.299102727081,2400.1,74.6552600838681
"IPM-EPA","No IRA","Mt CO2/yr","United States","Electricity.No IRA",2030,1303.58284422178,2400.1,45.6863112277913
"IPM-EPA","No IRA","Mt CO2/yr","United States","Electricity.No IRA",2035,1247.28769086048,2400.1,48.0318448872764
"IPM-NRDC","IRA","Mt CO2/yr","United States","Electricity.IRA",2030,827.389198560903,2400.1,65.5268864396941
"IPM-NRDC","IRA","Mt CO2/yr","United States","Electricity.IRA",2035,772.508012550513,2400.1,67.8135072475933
"IPM-NRDC","No IRA","Mt CO2/yr","United States","Electricity.No IRA",2030,1075.92232861268,2400.1,55.1717708173543
"IPM-NRDC","No IRA","Mt CO2/yr","United States","Electricity.No IRA",2035,1079.88005163251,2400.1,55.0068725622886
"MARKAL-NETL","IRA","Mt CO2/yr","United States","Electricity.IRA",2030,1232.67,2400.1,48.6408899629182
"MARKAL-NETL","IRA","Mt CO2/yr","United States","Electricity.IRA",2035,749.4,2400.1,68.7763009874589
"MARKAL-NETL","No IRA","Mt CO2/yr","United States","Electricity.No IRA",2030,1379.59,2400.1,42.5194783550685
"MARKAL-NETL","No IRA","Mt CO2/yr","United States","Electricity.No IRA",2035,1430.05,2400.1,40.4170659555852
"NEMS-EIA","IRA","Mt CO2/yr","United States","Electricity.IRA",2030,768.311584,2400.1,67.9883511520353
"NEMS-EIA","IRA","Mt CO2/yr","United States","Electricity.IRA",2035,714.001099,2400.1,70.2511937419274
"NEMS-EIA","No IRA","Mt CO2/yr","United States","Electricity.No IRA",2030,1177.160889,2400.1,50.9536732219491
"NEMS-EIA","No IRA","Mt CO2/yr","United States","Electricity.No IRA",2035,1100.493042,2400.1,54.1480337485938
"NEMS-OP","IRA","Mt CO2/yr","United States","Electricity.IRA",2030,660.642334,2400.1,72.4743829840423
"NEMS-OP","IRA","Mt CO2/yr","United States","Electricity.IRA",2035,417.400726,2400.1,82.6090277071789
"NEMS-OP","No IRA","Mt CO2/yr","United States","Electricity.No IRA",2030,1040.891113,2400.1,56.6313439856673
"NEMS-OP","No IRA","Mt CO2/yr","United States","Electricity.No IRA",2035,958.780945,2400.1,60.0524584392317
"NEMS-OP","IRA","Mt CO2/yr","United States","Electricity.IRA",2030,429.341614,2400.1,82.1115114370235
"NEMS-OP","IRA","Mt CO2/yr","United States","Electricity.IRA",2035,274.357727,2400.1,88.5689043373193
"NEMS-RHG","IRA","Mt CO2/yr","United States","Electricity.IRA",2030,482.81984665288,2400.1,79.883344583439
"NEMS-RHG","IRA","Mt CO2/yr","United States","Electricity.IRA",2035,588.535589412373,2400.1,75.4787054950888
"NEMS-RHG","No IRA","Mt CO2/yr","United States","Electricity.No IRA",2030,979.598572044581,2400.1,59.1850934525819
"NEMS-RHG","No IRA","Mt CO2/yr","United States","Electricity.No IRA",2035,906.244227830616,2400.1,62.2413971155112
"REGEN-EPRI","IRA","Mt CO2/yr","United States","Electricity.IRA",2030,999.666254194768,2400.1,58.3489748679318
"REGEN-EPRI","IRA","Mt CO2/yr","United States","Electricity.IRA",2035,500.03751964597,2400.1,79.1659714326082
"REGEN-EPRI","IRA","Mt CO2/yr","United States","Electricity.IRA",2030,1062.41927635461,2400.1,55.7343745529515
"REGEN-EPRI","IRA","Mt CO2/yr","United States","Electricity.IRA",2035,309.212628521459,2400.1,87.1166772833857
"REGEN-EPRI","IRA","Mt CO2/yr","United States","Electricity.IRA",2030,1155.62116148555,2400.1,51.8511244745823
"REGEN-EPRI","IRA","Mt CO2/yr","United States","Electricity.IRA",2035,950.894070439873,2400.1,60.3810645206503
"REGEN-EPRI","No IRA","Mt CO2/yr","United States","Electricity.No IRA",2030,1125.0574146029,2400.1,53.1245608681763
"REGEN-EPRI","No IRA","Mt CO2/yr","United States","Electricity.No IRA",2035,1097.15035473422,2400.1,54.2873065816333
"RIO-REPEAT","IRA","Mt CO2/yr","United States","Electricity.IRA",2030,741,2400.1,69.1262864047331
"RIO-REPEAT","IRA","Mt CO2/yr","United States","Electricity.IRA",2035,370,2400.1,84.5839756676805
"RIO-REPEAT","IRA","Mt CO2/yr","United States","Electricity.IRA",2030,676,2400.1,71.834506895546
"RIO-REPEAT","IRA","Mt CO2/yr","United States","Electricity.IRA",2035,324,2400.1,86.5005624765635
"RIO-REPEAT","IRA","Mt CO2/yr","United States","Electricity.IRA",2030,694,2400.1,71.084538144244
"RIO-REPEAT","IRA","Mt CO2/yr","United States","Electricity.IRA",2035,337,2400.1,85.9589183784009
"RIO-REPEAT","No IRA","Mt CO2/yr","United States","Electricity.No IRA",2030,981,2400.1,59.1267030540394
"RIO-REPEAT","No IRA","Mt CO2/yr","United States","Electricity.No IRA",2035,775,2400.1,67.7096787633849
"ReEDS-NRELr","IRA","Mt CO2/yr","United States","Electricity.IRA",2030,227.9,2400.1,90.5045623099037
"ReEDS-NRELr","IRA","Mt CO2/yr","United States","Electricity.IRA",2030,225.2,2400.1,90.6170576225991
"ReEDS-NRELr","IRA","Mt CO2/yr","United States","Electricity.IRA",2030,617.7,2400.1,74.263572351152
"ReEDS-NRELr","IRA","Mt CO2/yr","United States","Electricity.IRA",2030,664.2,2400.1,72.3261530769551
"ReEDS-NRELr","IRA","Mt CO2/yr","United States","Electricity.IRA",2030,387.6,2400.1,83.8506728886296
"ReEDS-NRELr","IRA","Mt CO2/yr","United States","Electricity.IRA",2030,326.4,2400.1,86.4005666430565
"ReEDS-NREL","IRA","Mt CO2/yr","United States","Electricity.IRA",2030,413.513524771282,2400.1,82.77098767671
"ReEDS-NREL","IRA","Mt CO2/yr","United States","Electricity.IRA",2035,323.38378502023,2400.1,86.5262370309475
"ReEDS-NRELr","IRA","Mt CO2/yr","United States","Electricity.IRA",2030,332.8,2400.1,86.133911087038
"ReEDS-NREL","IRA","Mt CO2/yr","United States","Electricity.IRA",2030,214.766785564764,2400.1,91.0517567782691
"ReEDS-NREL","IRA","Mt CO2/yr","United States","Electricity.IRA",2035,185.874064997164,2400.1,92.2555699763691
"ReEDS-NRELr","IRA","Mt CO2/yr","United States","Electricity.IRA",2030,463.9,2400.1,80.6716386817216
"ReEDS-NREL","IRA","Mt CO2/yr","United States","Electricity.IRA",2030,928.605215817616,2400.1,61.3097281022617
"ReEDS-NREL","IRA","Mt CO2/yr","United States","Electricity.IRA",2035,717.786998610836,2400.1,70.0934544972778
"ReEDS-NRELr","IRA","Mt CO2/yr","United States","Electricity.IRA",2030,513.5,2400.1,78.6050581225782
"ReEDS-NRELr","No IRA","Mt CO2/yr","United States","Electricity.No IRA",2030,1238.2,2400.1,48.410482896546
"ReEDS-NREL","No IRA","Mt CO2/yr","United States","Electricity.No IRA",2030,1238.16547546738,2400.1,48.4119213588025
"ReEDS-NREL","No IRA","Mt CO2/yr","United States","Electricity.No IRA",2035,1165.17798641427,2400.1,51.4529400269043
"ReEDS-NRELr","No IRA","Mt CO2/yr","United States","Electricity.No IRA",2030,994.6,2400.1,58.5600599975001
"ReEDS-NRELr","No IRA","Mt CO2/yr","United States","Electricity.No IRA",2030,996.2,2400.1,58.4933961084955
"ReEDS-NRELr","No IRA","Mt CO2/yr","United States","Electricity.No IRA",2030,1312.6,2400.1,45.3106120578309
"ReEDS-NRELr","No IRA","Mt CO2/yr","United States","Electricity.No IRA",2030,1274.6,2400.1,46.8938794216908
"ReEDS-NRELr","No IRA","Mt CO2/yr","United States","Electricity.No IRA",2030,1189.3,2400.1,50.4478980042498
"ReEDS-NRELr","No IRA","Mt CO2/yr","United States","Electricity.No IRA",2030,1118.5,2400.1,53.3977750927045
"USREP-ReEDS","IRA","Mt CO2/yr","United States","Electricity.IRA",2030,432.2378221,2400.1,81.990841127453
"USREP-ReEDS","IRA","Mt CO2/yr","United States","Electricity.IRA",2035,294.1613104,2400.1,87.7437894087746
"USREP-ReEDS","IRA","Mt CO2/yr","United States","Electricity.IRA",2030,763.7320001,2400.1,68.1791591975334
"USREP-ReEDS","IRA","Mt CO2/yr","United States","Electricity.IRA",2035,664.7557448,2400.1,72.3029980084163
"USREP-ReEDS","IRA","Mt CO2/yr","United States","Electricity.IRA",2030,616.834498,2400.1,74.2996334319403
"USREP-ReEDS","IRA","Mt CO2/yr","United States","Electricity.IRA",2035,488.0122266,2400.1,79.6670044331486
"USREP-ReEDS","IRA","Mt CO2/yr","United States","Electricity.IRA",2030,610.5185662,2400.1,74.5627862922378
"USREP-ReEDS","IRA","Mt CO2/yr","United States","Electricity.IRA",2035,488.6738995,2400.1,79.6394358776718
"USREP-ReEDS","IRA","Mt CO2/yr","United States","Electricity.IRA",2030,698.2013332,2400.1,70.9094898879213
"USREP-ReEDS","IRA","Mt CO2/yr","United States","Electricity.IRA",2035,577.0663645,2400.1,75.9565699554185
"USREP-ReEDS","No IRA","Mt CO2/yr","United States","Electricity.No IRA",2030,1154.603142,2400.1,51.8935401858256
"USREP-ReEDS","No IRA","Mt CO2/yr","United States","Electricity.No IRA",2035,1060.287391,2400.1,55.823199408358
"USREP-ReEDS","IRA","Mt CO2/yr","United States","Electricity.IRA",2030,394.8322234,2400.1,83.5493428023832
"USREP-ReEDS","IRA","Mt CO2/yr","United States","Electricity.IRA",2035,276.5247851,2400.1,88.4786140119162
"USREP-ReEDS","IRA","Mt CO2/yr","United States","Electricity.IRA",2030,484.0228703,2400.1,79.8332206866381
"USREP-ReEDS","IRA","Mt CO2/yr","United States","Electricity.IRA",2035,352.3706364,2400.1,85.3185018790884
"EPS-EI","IRA","Mt CO2/yr","United States","Transportation.IRA",2030,1417.94385151708,1863.3,23.9014731113035
"EPS-EI","IRA","Mt CO2/yr","United States","Transportation.IRA",2035,1229.5350411901,1863.3,34.0130391676005
"EPS-EI","IRA","Mt CO2/yr","United States","Transportation.IRA",2030,1395.60832115092,1863.3,25.1001813368259
"EPS-EI","IRA","Mt CO2/yr","United States","Transportation.IRA",2035,1212.31555758701,1863.3,34.9371782543334
"EPS-EI","IRA","Mt CO2/yr","United States","Transportation.IRA",2030,1427.24662116377,1863.3,23.4022099949677
"EPS-EI","IRA","Mt CO2/yr","United States","Transportation.IRA",2035,1249.9751316535,1863.3,32.9160558335478
"EPS-EI","No IRA","Mt CO2/yr","United States","Transportation.No IRA",2030,1462.17510201961,1863.3,21.5276604937686
"EPS-EI","No IRA","Mt CO2/yr","United States","Transportation.No IRA",2035,1338.94240705854,1863.3,28.1413402533926
"GCAM-CGS","IRA","Mt CO2/yr","United States","Transportation.IRA",2030,1396.9307216309,1863.3,25.0292104529113
"GCAM-CGS","IRA","Mt CO2/yr","United States","Transportation.IRA",2035,1310.87256817385,1863.3,29.6477986274972
"GCAM-CGS","No IRA","Mt CO2/yr","United States","Transportation.No IRA",2030,1504.65588515461,1863.3,19.2477923493475
"GCAM-CGS","No IRA","Mt CO2/yr","United States","Transportation.No IRA",2035,1363.27993729408,1863.3,26.8351882523439
"GCAM-PNNL","IRA","Mt CO2/yr","United States","Transportation.IRA",2030,1486.69406546327,1863.3,20.2117712948385
"GCAM-PNNL","IRA","Mt CO2/yr","United States","Transportation.IRA",2035,1255.05720338779,1863.3,32.6433100741807
"GCAM-PNNL","IRA","Mt CO2/yr","United States","Transportation.IRA",2030,1481.78383,1863.3,20.4752949068856
"GCAM-PNNL","IRA","Mt CO2/yr","United States","Transportation.IRA",2035,1246.42889,1863.3,33.10637632158
"GCAM-PNNL","IRA","Mt CO2/yr","United States","Transportation.IRA",2030,1544.15657,1863.3,17.1278607846294
"GCAM-PNNL","IRA","Mt CO2/yr","United States","Transportation.IRA",2035,1331.05283,1863.3,28.5647598347019
"GCAM-PNNL","IRA","Mt CO2/yr","United States","Transportation.IRA",2030,1504.76477565588,1863.3,19.2419483896376
"GCAM-PNNL","IRA","Mt CO2/yr","United States","Transportation.IRA",2035,1283.05267565183,1863.3,31.1408428244602
"GCAM-PNNL","IRA","Mt CO2/yr","United States","Transportation.IRA",2030,1523.45263,1863.3,18.2390044544625
"GCAM-PNNL","IRA","Mt CO2/yr","United States","Transportation.IRA",2035,1306.02284,1863.3,29.9080749208394
"GCAM-PNNL","IRA","Mt CO2/yr","United States","Transportation.IRA",2030,1462.97875,1863.3,21.4845301347072
"GCAM-PNNL","IRA","Mt CO2/yr","United States","Transportation.IRA",2035,1231.03339,1863.3,33.9326254494714
"GCAM-PNNL","No IRA","Mt CO2/yr","United States","Transportation.No IRA",2030,1561.15556,1863.3,16.2155551977674
"GCAM-PNNL","No IRA","Mt CO2/yr","United States","Transportation.No IRA",2035,1376.82109,1863.3,26.1084586486341
"MARKAL-NETL","IRA","Mt CO2/yr","United States","Transportation.IRA",2030,1493.40111677302,1863.3,19.8518157691721
"MARKAL-NETL","IRA","Mt CO2/yr","United States","Transportation.IRA",2035,1356.21828072744,1863.3,27.2141748120301
"MARKAL-NETL","No IRA","Mt CO2/yr","United States","Transportation.No IRA",2030,1508.56110082758,1863.3,19.0382063635709
"MARKAL-NETL","No IRA","Mt CO2/yr","United States","Transportation.No IRA",2035,1430.38206139489,1863.3,23.2339364892989
"NEMS-EIA","IRA","Mt CO2/yr","United States","Transportation.IRA",2030,1657.054932,1863.3,11.068806311383
"NEMS-EIA","IRA","Mt CO2/yr","United States","Transportation.IRA",2035,1592.773071,1863.3,14.5186995652874
"NEMS-EIA","No IRA","Mt CO2/yr","United States","Transportation.No IRA",2030,1672.112427,1863.3,10.260697311222
"NEMS-EIA","No IRA","Mt CO2/yr","United States","Transportation.No IRA",2035,1615.413452,1863.3,13.3036305479526
"NEMS-OP","IRA","Mt CO2/yr","United States","Transportation.IRA",2030,1641.628418,1863.3,11.8967199055439
"NEMS-OP","IRA","Mt CO2/yr","United States","Transportation.IRA",2035,1471.571655,1863.3,21.0233641925616
"NEMS-OP","No IRA","Mt CO2/yr","United States","Transportation.No IRA",2030,1701.325806,1863.3,8.69286717114796
"NEMS-OP","No IRA","Mt CO2/yr","United States","Transportation.No IRA",2035,1601.090576,1863.3,14.0723138517684
"NEMS-OP","IRA","Mt CO2/yr","United States","Transportation.IRA",2030,1561.681152,1863.3,16.1873476090807
"NEMS-OP","IRA","Mt CO2/yr","United States","Transportation.IRA",2035,1322.033325,1863.3,29.0488206407986
"NEMS-RHG","IRA","Mt CO2/yr","United States","Transportation.IRA",2030,1508.59734546816,1863.3,19.0362611781162
"NEMS-RHG","IRA","Mt CO2/yr","United States","Transportation.IRA",2035,1387.05900584666,1863.3,25.5590078974583
"NEMS-RHG","No IRA","Mt CO2/yr","United States","Transportation.No IRA",2030,1533.1896159726,1863.3,17.7164377194977
"NEMS-RHG","No IRA","Mt CO2/yr","United States","Transportation.No IRA",2035,1423.41741805767,1863.3,23.6077165213508
"REGEN-EPRI","IRA","Mt CO2/yr","United States","Transportation.IRA",2030,1569.14666069388,1863.3,15.7866870233522
"REGEN-EPRI","IRA","Mt CO2/yr","United States","Transportation.IRA",2035,1376.14761897839,1863.3,26.1446026416366
"REGEN-EPRI","No IRA","Mt CO2/yr","United States","Transportation.No IRA",2030,1595.66732239906,1863.3,14.3633702356539
"REGEN-EPRI","No IRA","Mt CO2/yr","United States","Transportation.No IRA",2035,1472.85569929252,1863.3,20.9544518170706
"RIO-REPEAT","IRA","Mt CO2/yr","United States","Transportation.IRA",2030,1583.87483206449,1863.3,14.9962522371874
"RIO-REPEAT","IRA","Mt CO2/yr","United States","Transportation.IRA",2035,1204.93197278912,1863.3,35.3334421301392
"RIO-REPEAT","IRA","Mt CO2/yr","United States","Transportation.IRA",2030,1540.45077262693,1863.3,17.3267443446073
"RIO-REPEAT","IRA","Mt CO2/yr","United States","Transportation.IRA",2035,1108.65633270321,1863.3,40.5003846560826
"RIO-REPEAT","IRA","Mt CO2/yr","United States","Transportation.IRA",2030,1630.12833486661,1863.3,12.5139089321846
"RIO-REPEAT","IRA","Mt CO2/yr","United States","Transportation.IRA",2035,1362.4819177516,1863.3,26.8780165431438
"RIO-REPEAT","No IRA","Mt CO2/yr","United States","Transportation.No IRA",2030,1663.08141962422,1863.3,10.7453754293878
"RIO-REPEAT","No IRA","Mt CO2/yr","United States","Transportation.No IRA",2035,1446.13628727425,1863.3,22.3884351809019
"USREP-ReEDS","IRA","Mt CO2/yr","United States","Transportation.IRA",2030,1577.89303703,1863.3,15.3172845473085
"USREP-ReEDS","IRA","Mt CO2/yr","United States","Transportation.IRA",2035,1441.12433258,1863.3,22.6574178833253
"USREP-ReEDS","IRA","Mt CO2/yr","United States","Transportation.IRA",2030,1603.71333914,1863.3,13.9315548145763
"USREP-ReEDS","IRA","Mt CO2/yr","United States","Transportation.IRA",2035,1508.51416603,1863.3,19.0407252707562
"USREP-ReEDS","IRA","Mt CO2/yr","United States","Transportation.IRA",2030,1599.23476078,1863.3,14.1719121569259
"USREP-ReEDS","IRA","Mt CO2/yr","United States","Transportation.IRA",2035,1495.21077201,1863.3,19.7546947882789
"USREP-ReEDS","IRA","Mt CO2/yr","United States","Transportation.IRA",2030,1599.00621754,1863.3,14.1841776665057
"USREP-ReEDS","IRA","Mt CO2/yr","United States","Transportation.IRA",2035,1481.01290869,1863.3,20.516668883701
"USREP-ReEDS","IRA","Mt CO2/yr","United States","Transportation.IRA",2030,1603.62516719,1863.3,13.9362868464552
"USREP-ReEDS","IRA","Mt CO2/yr","United States","Transportation.IRA",2035,1509.77878506,1863.3,18.972855414587
"USREP-ReEDS","No IRA","Mt CO2/yr","United States","Transportation.No IRA",2030,1621.42361573,1863.3,12.9810757403531
"USREP-ReEDS","No IRA","Mt CO2/yr","United States","Transportation.No IRA",2035,1564.93717276,1863.3,16.0126027606934
"USREP-ReEDS","IRA","Mt CO2/yr","United States","Transportation.IRA",2030,1576.89153993,1863.3,15.3710331170504
"USREP-ReEDS","IRA","Mt CO2/yr","United States","Transportation.IRA",2035,1435.00714339,1863.3,22.9857165571835
"USREP-ReEDS","IRA","Mt CO2/yr","United States","Transportation.IRA",2030,1581.15681512,1863.3,15.1421233768046
"USREP-ReEDS","IRA","Mt CO2/yr","United States","Transportation.IRA",2035,1450.40415675,1863.3,22.1593862099501
"EPS-EI","IRA","Mt CO2/yr","United States","Industry.IRA",2030,939.539060262288,1587.1,40.8015209966424
"EPS-EI","IRA","Mt CO2/yr","United States","Industry.IRA",2035,849.980886540497,1587.1,46.4444025870773
"EPS-EI","IRA","Mt CO2/yr","United States","Industry.IRA",2030,906.18328585119,1587.1,42.9032016979907
"EPS-EI","IRA","Mt CO2/yr","United States","Industry.IRA",2035,809.271711792823,1587.1,49.0094063516588
"EPS-EI","IRA","Mt CO2/yr","United States","Industry.IRA",2030,1005.28862016994,1587.1,36.6587725934131
"EPS-EI","IRA","Mt CO2/yr","United States","Industry.IRA",2035,855.909080648703,1587.1,46.0708789207546
"EPS-EI","No IRA","Mt CO2/yr","United States","Industry.No IRA",2030,1164.84246822176,1587.1,26.6056034136624
"EPS-EI","No IRA","Mt CO2/yr","United States","Industry.No IRA",2035,1140.89103340564,1587.1,28.1147354668492
"GCAM-CGS","IRA","Mt CO2/yr","United States","Industry.IRA",2030,1185.5497590578,1587.1,25.3008783909142
"GCAM-CGS","IRA","Mt CO2/yr","United States","Industry.IRA",2035,1174.68798661098,1587.1,25.9852569711438
"GCAM-CGS","No IRA","Mt CO2/yr","United States","Industry.No IRA",2030,1498.26635705309,1587.1,5.59723035391041
"GCAM-CGS","No IRA","Mt CO2/yr","United States","Industry.No IRA",2035,1533.32961461054,1587.1,3.38796455103415
"GCAM-PNNL","IRA","Mt CO2/yr","United States","Industry.IRA",2030,963.622109428402,1587.1,39.2840961862263
"GCAM-PNNL","IRA","Mt CO2/yr","United States","Industry.IRA",2035,922.04813032617,1587.1,41.9035895453235
"GCAM-PNNL","IRA","Mt CO2/yr","United States","Industry.IRA",2030,919.1014425504,1587.1,42.0892544546405
"GCAM-PNNL","IRA","Mt CO2/yr","United States","Industry.IRA",2035,867.3696583244,1587.1,45.3487708194569
"GCAM-PNNL","IRA","Mt CO2/yr","United States","Industry.IRA",2030,1002.99869585868,1587.1,36.8030561490341
"GCAM-PNNL","IRA","Mt CO2/yr","United States","Industry.IRA",2035,983.63074626995,1587.1,38.0233919557715
"GCAM-PNNL","IRA","Mt CO2/yr","United States","Industry.IRA",2030,979.071266002796,1587.1,38.3106756976374
"GCAM-PNNL","IRA","Mt CO2/yr","United States","Industry.IRA",2035,949.082398361937,1587.1,40.2002143304179
"GCAM-PNNL","IRA","Mt CO2/yr","United States","Industry.IRA",2030,990.45318168326,1587.1,37.5935239314939
"GCAM-PNNL","IRA","Mt CO2/yr","United States","Industry.IRA",2035,974.32311799554,1587.1,38.6098470168521
"GCAM-PNNL","IRA","Mt CO2/yr","United States","Industry.IRA",2030,956.29472012697,1587.1,39.7457803461048
"GCAM-PNNL","IRA","Mt CO2/yr","United States","Industry.IRA",2035,915.850157890046,1587.1,42.2941114050756
"GCAM-PNNL","No IRA","Mt CO2/yr","United States","Industry.No IRA",2030,1076.63150080117,1587.1,32.1636002267551
"GCAM-PNNL","No IRA","Mt CO2/yr","United States","Industry.No IRA",2035,1044.9197681067,1587.1,34.1616931443072
"MARKAL-NETL","IRA","Mt CO2/yr","United States","Industry.IRA",2030,1314.64620977431,1587.1,17.1667689638769
"MARKAL-NETL","IRA","Mt CO2/yr","United States","Industry.IRA",2035,1222.2666622171,1587.1,22.9874196826221
"MARKAL-NETL","No IRA","Mt CO2/yr","United States","Industry.No IRA",2030,1336.12445394298,1587.1,15.8134677119914
"MARKAL-NETL","No IRA","Mt CO2/yr","United States","Industry.No IRA",2035,1367.98578387372,1587.1,13.8059489714747
"NEMS-EIA","IRA","Mt CO2/yr","United States","Industry.IRA",2030,990.184425017752,1587.1,37.6104577520161
"NEMS-EIA","IRA","Mt CO2/yr","United States","Industry.IRA",2035,1000.38892173886,1587.1,36.9674928020376
"NEMS-EIA","No IRA","Mt CO2/yr","United States","Industry.No IRA",2030,1110.1675279278,1587.1,30.0505621619433
"NEMS-EIA","No IRA","Mt CO2/yr","United States","Industry.No IRA",2035,1114.85936349298,1587.1,29.7549389771921
"NEMS-OP","IRA","Mt CO2/yr","United States","Industry.IRA",2030,1128.404297,1587.1,28.901499779472
"NEMS-OP","IRA","Mt CO2/yr","United States","Industry.IRA",2035,1055.642578,1587.1,33.4860703169302
"NEMS-OP","No IRA","Mt CO2/yr","United States","Industry.No IRA",2030,1263.367188,1587.1,20.3977576712242
"NEMS-OP","No IRA","Mt CO2/yr","United States","Industry.No IRA",2035,1233.428223,1587.1,22.2841520383089
"NEMS-OP","IRA","Mt CO2/yr","United States","Industry.IRA",2030,970.119629,1587.1,38.8747004599584
"NEMS-OP","IRA","Mt CO2/yr","United States","Industry.IRA",2035,929.613037,1587.1,41.4269398903661
"NEMS-RHG","IRA","Mt CO2/yr","United States","Industry.IRA",2030,937.684138612776,1587.1,40.9183959036749
"NEMS-RHG","IRA","Mt CO2/yr","United States","Industry.IRA",2035,844.772202018129,1587.1,46.7725913919646
"NEMS-RHG","No IRA","Mt CO2/yr","United States","Industry.No IRA",2030,1070.74176083867,1587.1,32.5347009741873
"NEMS-RHG","No IRA","Mt CO2/yr","United States","Industry.No IRA",2035,1049.8547982036,1587.1,33.8507467580118
"REGEN-EPRI","IRA","Mt CO2/yr","United States","Industry.IRA",2030,1279.63544614596,1587.1,19.3727272291629
"REGEN-EPRI","IRA","Mt CO2/yr","United States","Industry.IRA",2035,1044.22398984278,1587.1,34.2055327425629
"REGEN-EPRI","No IRA","Mt CO2/yr","United States","Industry.No IRA",2030,1342.83672051109,1587.1,15.3905412065347
"REGEN-EPRI","No IRA","Mt CO2/yr","United States","Industry.No IRA",2035,1305.60388833707,1587.1,17.7365075712264
"RIO-REPEAT","IRA","Mt CO2/yr","United States","Industry.IRA",2030,911.216300940439,1587.1,42.5860814730994
"RIO-REPEAT","IRA","Mt CO2/yr","United States","Industry.IRA",2035,688.092322643343,1587.1,56.6446775475179
"RIO-REPEAT","IRA","Mt CO2/yr","United States","Industry.IRA",2030,888.091832229581,1587.1,44.043108044258
"RIO-REPEAT","IRA","Mt CO2/yr","United States","Industry.IRA",2035,659.41247637051,1587.1,58.4517373593025
"RIO-REPEAT","IRA","Mt CO2/yr","United States","Industry.IRA",2030,911.317387304508,1587.1,42.5797122232684
"RIO-REPEAT","IRA","Mt CO2/yr","United States","Industry.IRA",2035,725.701384583592,1587.1,54.2750056969572
"RIO-REPEAT","No IRA","Mt CO2/yr","United States","Industry.No IRA",2030,1069.43215031315,1587.1,32.6172169168198
"RIO-REPEAT","No IRA","Mt CO2/yr","United States","Industry.No IRA",2035,1020.4880302394,1587.1,35.701088133111
"USREP-ReEDS","IRA","Mt CO2/yr","United States","Industry.IRA",2030,977.63590226,1587.1,38.4011150992376
"USREP-ReEDS","IRA","Mt CO2/yr","United States","Industry.IRA",2035,900.87994406,1587.1,43.2373546682629
"USREP-ReEDS","IRA","Mt CO2/yr","United States","Industry.IRA",2030,1078.39273895,1587.1,32.0526281299225
"USREP-ReEDS","IRA","Mt CO2/yr","United States","Industry.IRA",2035,1082.30311389,1587.1,31.8062432178187
"USREP-ReEDS","IRA","Mt CO2/yr","United States","Industry.IRA",2030,1037.57958193,1587.1,34.6241836097284
"USREP-ReEDS","IRA","Mt CO2/yr","United States","Industry.IRA",2035,1037.94050988,1587.1,34.6014422607271
"USREP-ReEDS","IRA","Mt CO2/yr","United States","Industry.IRA",2030,1031.49649343,1587.1,35.0074668622015
"USREP-ReEDS","IRA","Mt CO2/yr","United States","Industry.IRA",2035,1034.02849829,1587.1,34.8479302948774
"USREP-ReEDS","IRA","Mt CO2/yr","United States","Industry.IRA",2030,1052.85921725,1587.1,33.6614443166782
"USREP-ReEDS","IRA","Mt CO2/yr","United States","Industry.IRA",2035,1054.35280177,1587.1,33.5673365402306
"USREP-ReEDS","No IRA","Mt CO2/yr","United States","Industry.No IRA",2030,1222.36571587,1587.1,22.9811785098607
"USREP-ReEDS","No IRA","Mt CO2/yr","United States","Industry.No IRA",2035,1183.25485155,1587.1,25.4454759277928
"USREP-ReEDS","IRA","Mt CO2/yr","United States","Industry.IRA",2030,987.15516466,1587.1,37.8013253947451
"USREP-ReEDS","IRA","Mt CO2/yr","United States","Industry.IRA",2035,966.50805777,1587.1,39.1022583473001
"USREP-ReEDS","IRA","Mt CO2/yr","United States","Industry.IRA",2030,987.39329949,1587.1,37.7863209948964
"USREP-ReEDS","IRA","Mt CO2/yr","United States","Industry.IRA",2035,912.10381084,1587.1,42.5301612475584
"EPS-EI","IRA","Mt CO2/yr","United States","Buildings.IRA",2030,919.184219686818,2245,59.0563821965783
"EPS-EI","IRA","Mt CO2/yr","United States","Buildings.IRA",2035,723.352579489139,2245,67.7793951229782
"EPS-EI","IRA","Mt CO2/yr","United States","Buildings.IRA",2030,745.371195749372,2245,66.7986104343264
"EPS-EI","IRA","Mt CO2/yr","United States","Buildings.IRA",2035,703.803924928776,2245,68.6501592459342
"EPS-EI","IRA","Mt CO2/yr","United States","Buildings.IRA",2030,969.958897431639,2245,56.7947039005952
"EPS-EI","IRA","Mt CO2/yr","United States","Buildings.IRA",2035,759.708783048968,2245,66.1599651203132
"EPS-EI","No IRA","Mt CO2/yr","United States","Buildings.No IRA",2030,1396.55401818743,2245,37.7926940673751
"EPS-EI","No IRA","Mt CO2/yr","United States","Buildings.No IRA",2035,1358.81679871617,2245,39.4736392554045
"GCAM-CGS","IRA","Mt CO2/yr","United States","Buildings.IRA",2030,924.91011011443,2245,58.8013313980209
"GCAM-CGS","IRA","Mt CO2/yr","United States","Buildings.IRA",2035,752.928841692926,2245,66.4619669624532
"GCAM-CGS","No IRA","Mt CO2/yr","United States","Buildings.No IRA",2030,1479.30626115004,2245,34.1066253385285
"GCAM-CGS","No IRA","Mt CO2/yr","United States","Buildings.No IRA",2035,1428.95943971203,2245,36.3492454471254
"GCAM-PNNL","IRA","Mt CO2/yr","United States","Buildings.IRA",2030,1015.18371346658,2245,54.7802354803303
"GCAM-PNNL","IRA","Mt CO2/yr","United States","Buildings.IRA",2035,944.910287841345,2245,57.9104548845726
"GCAM-PNNL","IRA","Mt CO2/yr","United States","Buildings.IRA",2030,911.3916,2245,59.4034922048998
"GCAM-PNNL","IRA","Mt CO2/yr","United States","Buildings.IRA",2035,823.6024,2245,63.3139242761693
"GCAM-PNNL","IRA","Mt CO2/yr","United States","Buildings.IRA",2030,1066.3322,2245,52.5019064587973
"GCAM-PNNL","IRA","Mt CO2/yr","United States","Buildings.IRA",2035,1006.3374,2245,55.174280623608
"GCAM-PNNL","IRA","Mt CO2/yr","United States","Buildings.IRA",2030,1039.45558035695,2245,53.6990832803141
"GCAM-PNNL","IRA","Mt CO2/yr","United States","Buildings.IRA",2035,974.247574611141,2245,56.603671509526
"GCAM-PNNL","IRA","Mt CO2/yr","United States","Buildings.IRA",2030,1058.1822,2245,52.8649354120267
"GCAM-PNNL","IRA","Mt CO2/yr","United States","Buildings.IRA",2035,1015.5188,2245,54.7653095768374
"GCAM-PNNL","IRA","Mt CO2/yr","United States","Buildings.IRA",2030,1008.8972,2245,55.0602583518931
"GCAM-PNNL","IRA","Mt CO2/yr","United States","Buildings.IRA",2035,936.5653,2245,58.2821692650334
"GCAM-PNNL","No IRA","Mt CO2/yr","United States","Buildings.No IRA",2030,1346.2546,2245,40.0332026726058
"GCAM-PNNL","No IRA","Mt CO2/yr","United States","Buildings.No IRA",2035,1261.0282,2245,43.8294788418708
"MARKAL-NETL","IRA","Mt CO2/yr","United States","Buildings.IRA",2030,1140.93267345267,2245,49.1789455032217
"MARKAL-NETL","IRA","Mt CO2/yr","United States","Buildings.IRA",2035,778.095057055452,2245,65.340977414011
"MARKAL-NETL","No IRA","Mt CO2/yr","United States","Buildings.No IRA",2030,1296.97444522943,2245,42.228309789335
"MARKAL-NETL","No IRA","Mt CO2/yr","United States","Buildings.No IRA",2035,1335.51215473138,2245,40.5117080297826
"NEMS-EIA","IRA","Mt CO2/yr","United States","Buildings.IRA",2030,1127.282226,2245,49.7869832516704
"NEMS-EIA","IRA","Mt CO2/yr","United States","Buildings.IRA",2035,1077.198486,2245,52.0178848106904
"NEMS-EIA","No IRA","Mt CO2/yr","United States","Buildings.No IRA",2030,1420.761658,2245,36.7144027616927
"NEMS-EIA","No IRA","Mt CO2/yr","United States","Buildings.No IRA",2035,1353.036682,2245,39.7311054788419
"NEMS-OP","IRA","Mt CO2/yr","United States","Buildings.IRA",2030,996.583252,2245,55.608763830735
"NEMS-OP","IRA","Mt CO2/yr","United States","Buildings.IRA",2035,809.16452,2245,63.9570369710468
"NEMS-OP","No IRA","Mt CO2/yr","United States","Buildings.No IRA",2030,1297.052856,2245,42.2248171046771
"NEMS-OP","No IRA","Mt CO2/yr","United States","Buildings.No IRA",2035,1214.528747,2245,45.9007239643653
"NEMS-OP","IRA","Mt CO2/yr","United States","Buildings.IRA",2030,841.490448,2245,62.5171292650334
"NEMS-OP","IRA","Mt CO2/yr","United States","Buildings.IRA",2035,711.765197,2245,68.2955368819599
"NEMS-RHG","IRA","Mt CO2/yr","United States","Buildings.IRA",2030,915.68476129121,2245,59.2122600761154
"NEMS-RHG","IRA","Mt CO2/yr","United States","Buildings.IRA",2035,967.475102907779,2245,56.9053406277159
"NEMS-RHG","No IRA","Mt CO2/yr","United States","Buildings.No IRA",2030,1281.06217678312,2245,42.9370968025335
"NEMS-RHG","No IRA","Mt CO2/yr","United States","Buildings.No IRA",2035,1210.8780335536,2245,46.0633392626457
"REGEN-EPRI","IRA","Mt CO2/yr","United States","Buildings.IRA",2030,1071.83240715325,2245,52.2569083673383
"REGEN-EPRI","IRA","Mt CO2/yr","United States","Buildings.IRA",2035,737.820543108383,2245,67.1349424005175
"REGEN-EPRI","No IRA","Mt CO2/yr","United States","Buildings.No IRA",2030,1180.60088583863,2245,47.4119872677669
"REGEN-EPRI","No IRA","Mt CO2/yr","United States","Buildings.No IRA",2035,1104.58191029568,2245,50.7981331716845
"RIO-REPEAT","IRA","Mt CO2/yr","United States","Buildings.IRA",2030,1091.90886699507,2245,51.3626339868564
"RIO-REPEAT","IRA","Mt CO2/yr","United States","Buildings.IRA",2035,759.975704567541,2245,66.1480755203768
"RIO-REPEAT","IRA","Mt CO2/yr","United States","Buildings.IRA",2030,1035.45739514349,2245,53.8771761628736
"RIO-REPEAT","IRA","Mt CO2/yr","United States","Buildings.IRA",2035,707.931190926276,2245,68.4663166625267
"RIO-REPEAT","IRA","Mt CO2/yr","United States","Buildings.IRA",2030,1087.55427782889,2245,51.5566023238803
"RIO-REPEAT","IRA","Mt CO2/yr","United States","Buildings.IRA",2035,788.816697664807,2245,64.8633987677146
"RIO-REPEAT","No IRA","Mt CO2/yr","United States","Buildings.No IRA",2030,1317.48643006263,2245,41.3146356319541
"RIO-REPEAT","No IRA","Mt CO2/yr","United States","Buildings.No IRA",2035,1133.37568248635,2245,49.5155598001626
"USREP-ReEDS","IRA","Mt CO2/yr","United States","Buildings.IRA",2030,695.0148509,2245,69.0416547483296
"USREP-ReEDS","IRA","Mt CO2/yr","United States","Buildings.IRA",2035,532.9041906,2245,76.2626195723831
"USREP-ReEDS","IRA","Mt CO2/yr","United States","Buildings.IRA",2030,950.7345211,2245,57.65102355902
"USREP-ReEDS","IRA","Mt CO2/yr","United States","Buildings.IRA",2035,814.0548476,2245,63.7392050066815
"USREP-ReEDS","IRA","Mt CO2/yr","United States","Buildings.IRA",2030,826.8316008,2245,63.170084596882
"USREP-ReEDS","IRA","Mt CO2/yr","United States","Buildings.IRA",2035,666.1815082,2245,70.3259907260579
"USREP-ReEDS","IRA","Mt CO2/yr","United States","Buildings.IRA",2030,809.4015284,2245,63.9464798040089
"USREP-ReEDS","IRA","Mt CO2/yr","United States","Buildings.IRA",2035,654.6115938,2245,70.8413543964365
"USREP-ReEDS","IRA","Mt CO2/yr","United States","Buildings.IRA",2030,894.8248726,2245,60.141431064588
"USREP-ReEDS","IRA","Mt CO2/yr","United States","Buildings.IRA",2035,739.7199791,2245,67.0503350066815
"USREP-ReEDS","No IRA","Mt CO2/yr","United States","Buildings.No IRA",2030,1276.5641196,2245,43.1374556971047
"USREP-ReEDS","No IRA","Mt CO2/yr","United States","Buildings.No IRA",2035,1136.7822893,2245,49.3638178485523
"USREP-ReEDS","IRA","Mt CO2/yr","United States","Buildings.IRA",2030,655.6181693,2245,70.7965180712695
"USREP-ReEDS","IRA","Mt CO2/yr","United States","Buildings.IRA",2035,507.6345757,2245,77.3882148908686
"USREP-ReEDS","IRA","Mt CO2/yr","United States","Buildings.IRA",2030,741.1633731,2245,66.9860412873051
"USREP-ReEDS","IRA","Mt CO2/yr","United States","Buildings.IRA",2035,585.8322087,2245,73.9050241113586
