"model","scenario","unit","datasrc","variable","region","figure_type","figure_no","title_name","variable_rename","flip_sign","regions","models","years","scenarios","type","x","y","facet1","facet2","color","page_filter","scales","alpha","year","value"
"EPA-GHGI","Historic","Mt CO2/yr","EPA-GHGI_wide.csv","Emissions|CO2|Energy|Demand|Transportation|Indirect","United States","timeseries",18,"Indirect Transportation Emissions","Indirect Transportation Emissions",0,"usa","models_leep","historic","hist_mod_scenarios2","single","year","value",NA,NA,"scenario","region","fixed",1,2005,4.7
"EPA-GHGI","Historic","Mt CO2/yr","EPA-GHGI_wide.csv","Emissions|CO2|Energy|Demand|Transportation|Indirect","United States","timeseries",18,"Indirect Transportation Emissions","Indirect Transportation Emissions",0,"usa","models_leep","historic","hist_mod_scenarios2","single","year","value",NA,NA,"scenario","region","fixed",1,2006,4.5
"EPA-GHGI","Historic","Mt CO2/yr","EPA-GHGI_wide.csv","Emissions|CO2|Energy|Demand|Transportation|Indirect","United States","timeseries",18,"Indirect Transportation Emissions","Indirect Transportation Emissions",0,"usa","models_leep","historic","hist_mod_scenarios2","single","year","value",NA,NA,"scenario","region","fixed",1,2007,5.1
"EPA-GHGI","Historic","Mt CO2/yr","EPA-GHGI_wide.csv","Emissions|CO2|Energy|Demand|Transportation|Indirect","United States","timeseries",18,"Indirect Transportation Emissions","Indirect Transportation Emissions",0,"usa","models_leep","historic","hist_mod_scenarios2","single","year","value",NA,NA,"scenario","region","fixed",1,2008,4.7
"EPA-GHGI","Historic","Mt CO2/yr","EPA-GHGI_wide.csv","Emissions|CO2|Energy|Demand|Transportation|Indirect","United States","timeseries",18,"Indirect Transportation Emissions","Indirect Transportation Emissions",0,"usa","models_leep","historic","hist_mod_scenarios2","single","year","value",NA,NA,"scenario","region","fixed",1,2009,4.5
"EPA-GHGI","Historic","Mt CO2/yr","EPA-GHGI_wide.csv","Emissions|CO2|Energy|Demand|Transportation|Indirect","United States","timeseries",18,"Indirect Transportation Emissions","Indirect Transportation Emissions",0,"usa","models_leep","historic","hist_mod_scenarios2","single","year","value",NA,NA,"scenario","region","fixed",1,2010,4.5
"EPA-GHGI","Historic","Mt CO2/yr","EPA-GHGI_wide.csv","Emissions|CO2|Energy|Demand|Transportation|Indirect","United States","timeseries",18,"Indirect Transportation Emissions","Indirect Transportation Emissions",0,"usa","models_leep","historic","hist_mod_scenarios2","single","year","value",NA,NA,"scenario","region","fixed",1,2011,4.3
"EPA-GHGI","Historic","Mt CO2/yr","EPA-GHGI_wide.csv","Emissions|CO2|Energy|Demand|Transportation|Indirect","United States","timeseries",18,"Indirect Transportation Emissions","Indirect Transportation Emissions",0,"usa","models_leep","historic","hist_mod_scenarios2","single","year","value",NA,NA,"scenario","region","fixed",1,2012,4
"EPA-GHGI","Historic","Mt CO2/yr","EPA-GHGI_wide.csv","Emissions|CO2|Energy|Demand|Transportation|Indirect","United States","timeseries",18,"Indirect Transportation Emissions","Indirect Transportation Emissions",0,"usa","models_leep","historic","hist_mod_scenarios2","single","year","value",NA,NA,"scenario","region","fixed",1,2013,4.3
"EPA-GHGI","Historic","Mt CO2/yr","EPA-GHGI_wide.csv","Emissions|CO2|Energy|Demand|Transportation|Indirect","United States","timeseries",18,"Indirect Transportation Emissions","Indirect Transportation Emissions",0,"usa","models_leep","historic","hist_mod_scenarios2","single","year","value",NA,NA,"scenario","region","fixed",1,2014,4.4
"EPA-GHGI","Historic","Mt CO2/yr","EPA-GHGI_wide.csv","Emissions|CO2|Energy|Demand|Transportation|Indirect","United States","timeseries",18,"Indirect Transportation Emissions","Indirect Transportation Emissions",0,"usa","models_leep","historic","hist_mod_scenarios2","single","year","value",NA,NA,"scenario","region","fixed",1,2015,4.3
"EPA-GHGI","Historic","Mt CO2/yr","EPA-GHGI_wide.csv","Emissions|CO2|Energy|Demand|Transportation|Indirect","United States","timeseries",18,"Indirect Transportation Emissions","Indirect Transportation Emissions",0,"usa","models_leep","historic","hist_mod_scenarios2","single","year","value",NA,NA,"scenario","region","fixed",1,2016,4.2
"EPA-GHGI","Historic","Mt CO2/yr","EPA-GHGI_wide.csv","Emissions|CO2|Energy|Demand|Transportation|Indirect","United States","timeseries",18,"Indirect Transportation Emissions","Indirect Transportation Emissions",0,"usa","models_leep","historic","hist_mod_scenarios2","single","year","value",NA,NA,"scenario","region","fixed",1,2017,4.3
"EPA-GHGI","Historic","Mt CO2/yr","EPA-GHGI_wide.csv","Emissions|CO2|Energy|Demand|Transportation|Indirect","United States","timeseries",18,"Indirect Transportation Emissions","Indirect Transportation Emissions",0,"usa","models_leep","historic","hist_mod_scenarios2","single","year","value",NA,NA,"scenario","region","fixed",1,2018,4.8
"EPA-GHGI","Historic","Mt CO2/yr","EPA-GHGI_wide.csv","Emissions|CO2|Energy|Demand|Transportation|Indirect","United States","timeseries",18,"Indirect Transportation Emissions","Indirect Transportation Emissions",0,"usa","models_leep","historic","hist_mod_scenarios2","single","year","value",NA,NA,"scenario","region","fixed",1,2019,4.8
"EPA-GHGI","Historic","Mt CO2/yr","EPA-GHGI_wide.csv","Emissions|CO2|Energy|Demand|Transportation|Indirect","United States","timeseries",18,"Indirect Transportation Emissions","Indirect Transportation Emissions",0,"usa","models_leep","historic","hist_mod_scenarios2","single","year","value",NA,NA,"scenario","region","fixed",1,2020,4.1
"EPA-GHGI","Historic","Mt CO2/yr","EPA-GHGI_wide.csv","Emissions|CO2|Energy|Demand|Transportation|Indirect","United States","timeseries",18,"Indirect Transportation Emissions","Indirect Transportation Emissions",0,"usa","models_leep","historic","hist_mod_scenarios2","single","year","value",NA,NA,"scenario","region","fixed",1,2021,5
"EPS-EI","IRA","Mt CO2/yr","bistline_ira_tall.csv","Emissions|CO2|Energy|Demand|Transportation|Indirect","United States","timeseries",18,"Indirect Transportation Emissions","Indirect Transportation Emissions",0,"usa","models_leep","historic","hist_mod_scenarios2","single","year","value",NA,NA,"scenario","region","fixed",1,2021,5
"EPS-EI","IRA","Mt CO2/yr","bistline_ira_tall.csv","Emissions|CO2|Energy|Demand|Transportation|Indirect","United States","timeseries",18,"Indirect Transportation Emissions","Indirect Transportation Emissions",0,"usa","models_leep","historic","hist_mod_scenarios2","single","year","value",NA,NA,"scenario","region","fixed",1,2025,24.001972
"EPS-EI","IRA","Mt CO2/yr","bistline_ira_tall.csv","Emissions|CO2|Energy|Demand|Transportation|Indirect","United States","timeseries",18,"Indirect Transportation Emissions","Indirect Transportation Emissions",0,"usa","models_leep","historic","hist_mod_scenarios2","single","year","value",NA,NA,"scenario","region","fixed",1,2030,37.59872452
"EPS-EI","IRA","Mt CO2/yr","bistline_ira_tall.csv","Emissions|CO2|Energy|Demand|Transportation|Indirect","United States","timeseries",18,"Indirect Transportation Emissions","Indirect Transportation Emissions",0,"usa","models_leep","historic","hist_mod_scenarios2","single","year","value",NA,NA,"scenario","region","fixed",1,2035,34.52014619
"EPS-EI","No IRA","Mt CO2/yr","bistline_ira_tall.csv","Emissions|CO2|Energy|Demand|Transportation|Indirect","United States","timeseries",18,"Indirect Transportation Emissions","Indirect Transportation Emissions",0,"usa","models_leep","historic","hist_mod_scenarios2","single","year","value",NA,NA,"scenario","region","fixed",1,2021,5
"EPS-EI","No IRA","Mt CO2/yr","bistline_ira_tall.csv","Emissions|CO2|Energy|Demand|Transportation|Indirect","United States","timeseries",18,"Indirect Transportation Emissions","Indirect Transportation Emissions",0,"usa","models_leep","historic","hist_mod_scenarios2","single","year","value",NA,NA,"scenario","region","fixed",1,2025,23.2417868
"EPS-EI","No IRA","Mt CO2/yr","bistline_ira_tall.csv","Emissions|CO2|Energy|Demand|Transportation|Indirect","United States","timeseries",18,"Indirect Transportation Emissions","Indirect Transportation Emissions",0,"usa","models_leep","historic","hist_mod_scenarios2","single","year","value",NA,NA,"scenario","region","fixed",1,2030,60.69434502
"EPS-EI","No IRA","Mt CO2/yr","bistline_ira_tall.csv","Emissions|CO2|Energy|Demand|Transportation|Indirect","United States","timeseries",18,"Indirect Transportation Emissions","Indirect Transportation Emissions",0,"usa","models_leep","historic","hist_mod_scenarios2","single","year","value",NA,NA,"scenario","region","fixed",1,2035,104.9379561
"GCAM-CGS","IRA","Mt CO2/yr","bistline_ira_tall.csv","Emissions|CO2|Energy|Demand|Transportation|Indirect","United States","timeseries",18,"Indirect Transportation Emissions","Indirect Transportation Emissions",0,"usa","models_leep","historic","hist_mod_scenarios2","single","year","value",NA,NA,"scenario","region","fixed",1,2021,5
"GCAM-CGS","IRA","Mt CO2/yr","bistline_ira_tall.csv","Emissions|CO2|Energy|Demand|Transportation|Indirect","United States","timeseries",18,"Indirect Transportation Emissions","Indirect Transportation Emissions",0,"usa","models_leep","historic","hist_mod_scenarios2","single","year","value",NA,NA,"scenario","region","fixed",1,2025,23.46071292
"GCAM-CGS","IRA","Mt CO2/yr","bistline_ira_tall.csv","Emissions|CO2|Energy|Demand|Transportation|Indirect","United States","timeseries",18,"Indirect Transportation Emissions","Indirect Transportation Emissions",0,"usa","models_leep","historic","hist_mod_scenarios2","single","year","value",NA,NA,"scenario","region","fixed",1,2030,39.75107931
"GCAM-CGS","IRA","Mt CO2/yr","bistline_ira_tall.csv","Emissions|CO2|Energy|Demand|Transportation|Indirect","United States","timeseries",18,"Indirect Transportation Emissions","Indirect Transportation Emissions",0,"usa","models_leep","historic","hist_mod_scenarios2","single","year","value",NA,NA,"scenario","region","fixed",1,2035,27.90500767
"GCAM-CGS","No IRA","Mt CO2/yr","bistline_ira_tall.csv","Emissions|CO2|Energy|Demand|Transportation|Indirect","United States","timeseries",18,"Indirect Transportation Emissions","Indirect Transportation Emissions",0,"usa","models_leep","historic","hist_mod_scenarios2","single","year","value",NA,NA,"scenario","region","fixed",1,2021,5
"GCAM-CGS","No IRA","Mt CO2/yr","bistline_ira_tall.csv","Emissions|CO2|Energy|Demand|Transportation|Indirect","United States","timeseries",18,"Indirect Transportation Emissions","Indirect Transportation Emissions",0,"usa","models_leep","historic","hist_mod_scenarios2","single","year","value",NA,NA,"scenario","region","fixed",1,2025,18.38227763
"GCAM-CGS","No IRA","Mt CO2/yr","bistline_ira_tall.csv","Emissions|CO2|Energy|Demand|Transportation|Indirect","United States","timeseries",18,"Indirect Transportation Emissions","Indirect Transportation Emissions",0,"usa","models_leep","historic","hist_mod_scenarios2","single","year","value",NA,NA,"scenario","region","fixed",1,2030,39.86899833
"GCAM-CGS","No IRA","Mt CO2/yr","bistline_ira_tall.csv","Emissions|CO2|Energy|Demand|Transportation|Indirect","United States","timeseries",18,"Indirect Transportation Emissions","Indirect Transportation Emissions",0,"usa","models_leep","historic","hist_mod_scenarios2","single","year","value",NA,NA,"scenario","region","fixed",1,2035,56.98670054
"NEMS-EIA","IRA","Mt CO2/yr","AEO2023 IRA 5cenario outputs by OnL 05-12-23.xlsx","Emissions|CO2|Energy|Demand|Transportation|Indirect","United States","timeseries",18,"Indirect Transportation Emissions","Indirect Transportation Emissions",0,"usa","models_leep","historic","hist_mod_scenarios2","single","year","value",NA,NA,"scenario","region","fixed",1,2021,5
"NEMS-EIA","IRA","Mt CO2/yr","AEO2023 IRA 5cenario outputs by OnL 05-12-23.xlsx","Emissions|CO2|Energy|Demand|Transportation|Indirect","United States","timeseries",18,"Indirect Transportation Emissions","Indirect Transportation Emissions",0,"usa","models_leep","historic","hist_mod_scenarios2","single","year","value",NA,NA,"scenario","region","fixed",1,2025,8.093938
"NEMS-EIA","IRA","Mt CO2/yr","AEO2023 IRA 5cenario outputs by OnL 05-12-23.xlsx","Emissions|CO2|Energy|Demand|Transportation|Indirect","United States","timeseries",18,"Indirect Transportation Emissions","Indirect Transportation Emissions",0,"usa","models_leep","historic","hist_mod_scenarios2","single","year","value",NA,NA,"scenario","region","fixed",1,2030,12.179079
"NEMS-EIA","IRA","Mt CO2/yr","AEO2023 IRA 5cenario outputs by OnL 05-12-23.xlsx","Emissions|CO2|Energy|Demand|Transportation|Indirect","United States","timeseries",18,"Indirect Transportation Emissions","Indirect Transportation Emissions",0,"usa","models_leep","historic","hist_mod_scenarios2","single","year","value",NA,NA,"scenario","region","fixed",1,2035,17.84326
"NEMS-EIA","IRA","Mt CO2/yr","AEO2023 IRA 5cenario outputs by OnL 05-12-23.xlsx","Emissions|CO2|Energy|Demand|Transportation|Indirect","United States","timeseries",18,"Indirect Transportation Emissions","Indirect Transportation Emissions",0,"usa","models_leep","historic","hist_mod_scenarios2","single","year","value",NA,NA,"scenario","region","fixed",1,2022,5.494641
"NEMS-EIA","IRA","Mt CO2/yr","AEO2023 IRA 5cenario outputs by OnL 05-12-23.xlsx","Emissions|CO2|Energy|Demand|Transportation|Indirect","United States","timeseries",18,"Indirect Transportation Emissions","Indirect Transportation Emissions",0,"usa","models_leep","historic","hist_mod_scenarios2","single","year","value",NA,NA,"scenario","region","fixed",1,2023,6.071688
"NEMS-EIA","IRA","Mt CO2/yr","AEO2023 IRA 5cenario outputs by OnL 05-12-23.xlsx","Emissions|CO2|Energy|Demand|Transportation|Indirect","United States","timeseries",18,"Indirect Transportation Emissions","Indirect Transportation Emissions",0,"usa","models_leep","historic","hist_mod_scenarios2","single","year","value",NA,NA,"scenario","region","fixed",1,2024,7.306774
"NEMS-EIA","IRA","Mt CO2/yr","AEO2023 IRA 5cenario outputs by OnL 05-12-23.xlsx","Emissions|CO2|Energy|Demand|Transportation|Indirect","United States","timeseries",18,"Indirect Transportation Emissions","Indirect Transportation Emissions",0,"usa","models_leep","historic","hist_mod_scenarios2","single","year","value",NA,NA,"scenario","region","fixed",1,2026,8.846951
"NEMS-EIA","IRA","Mt CO2/yr","AEO2023 IRA 5cenario outputs by OnL 05-12-23.xlsx","Emissions|CO2|Energy|Demand|Transportation|Indirect","United States","timeseries",18,"Indirect Transportation Emissions","Indirect Transportation Emissions",0,"usa","models_leep","historic","hist_mod_scenarios2","single","year","value",NA,NA,"scenario","region","fixed",1,2027,9.529696
"NEMS-EIA","IRA","Mt CO2/yr","AEO2023 IRA 5cenario outputs by OnL 05-12-23.xlsx","Emissions|CO2|Energy|Demand|Transportation|Indirect","United States","timeseries",18,"Indirect Transportation Emissions","Indirect Transportation Emissions",0,"usa","models_leep","historic","hist_mod_scenarios2","single","year","value",NA,NA,"scenario","region","fixed",1,2028,10.350383
"NEMS-EIA","IRA","Mt CO2/yr","AEO2023 IRA 5cenario outputs by OnL 05-12-23.xlsx","Emissions|CO2|Energy|Demand|Transportation|Indirect","United States","timeseries",18,"Indirect Transportation Emissions","Indirect Transportation Emissions",0,"usa","models_leep","historic","hist_mod_scenarios2","single","year","value",NA,NA,"scenario","region","fixed",1,2029,11.141771
"NEMS-EIA","IRA","Mt CO2/yr","AEO2023 IRA 5cenario outputs by OnL 05-12-23.xlsx","Emissions|CO2|Energy|Demand|Transportation|Indirect","United States","timeseries",18,"Indirect Transportation Emissions","Indirect Transportation Emissions",0,"usa","models_leep","historic","hist_mod_scenarios2","single","year","value",NA,NA,"scenario","region","fixed",1,2031,13.28859
"NEMS-EIA","IRA","Mt CO2/yr","AEO2023 IRA 5cenario outputs by OnL 05-12-23.xlsx","Emissions|CO2|Energy|Demand|Transportation|Indirect","United States","timeseries",18,"Indirect Transportation Emissions","Indirect Transportation Emissions",0,"usa","models_leep","historic","hist_mod_scenarios2","single","year","value",NA,NA,"scenario","region","fixed",1,2032,14.67225
"NEMS-EIA","IRA","Mt CO2/yr","AEO2023 IRA 5cenario outputs by OnL 05-12-23.xlsx","Emissions|CO2|Energy|Demand|Transportation|Indirect","United States","timeseries",18,"Indirect Transportation Emissions","Indirect Transportation Emissions",0,"usa","models_leep","historic","hist_mod_scenarios2","single","year","value",NA,NA,"scenario","region","fixed",1,2033,15.737824
"NEMS-EIA","IRA","Mt CO2/yr","AEO2023 IRA 5cenario outputs by OnL 05-12-23.xlsx","Emissions|CO2|Energy|Demand|Transportation|Indirect","United States","timeseries",18,"Indirect Transportation Emissions","Indirect Transportation Emissions",0,"usa","models_leep","historic","hist_mod_scenarios2","single","year","value",NA,NA,"scenario","region","fixed",1,2034,16.774927
"NEMS-EIA","No IRA","Mt CO2/yr","AEO2023 IRA 5cenario outputs by OnL 05-12-23.xlsx","Emissions|CO2|Energy|Demand|Transportation|Indirect","United States","timeseries",18,"Indirect Transportation Emissions","Indirect Transportation Emissions",0,"usa","models_leep","historic","hist_mod_scenarios2","single","year","value",NA,NA,"scenario","region","fixed",1,2021,5
"NEMS-EIA","No IRA","Mt CO2/yr","AEO2023 IRA 5cenario outputs by OnL 05-12-23.xlsx","Emissions|CO2|Energy|Demand|Transportation|Indirect","United States","timeseries",18,"Indirect Transportation Emissions","Indirect Transportation Emissions",0,"usa","models_leep","historic","hist_mod_scenarios2","single","year","value",NA,NA,"scenario","region","fixed",1,2025,7.797431
"NEMS-EIA","No IRA","Mt CO2/yr","AEO2023 IRA 5cenario outputs by OnL 05-12-23.xlsx","Emissions|CO2|Energy|Demand|Transportation|Indirect","United States","timeseries",18,"Indirect Transportation Emissions","Indirect Transportation Emissions",0,"usa","models_leep","historic","hist_mod_scenarios2","single","year","value",NA,NA,"scenario","region","fixed",1,2030,15.213952
"NEMS-EIA","No IRA","Mt CO2/yr","AEO2023 IRA 5cenario outputs by OnL 05-12-23.xlsx","Emissions|CO2|Energy|Demand|Transportation|Indirect","United States","timeseries",18,"Indirect Transportation Emissions","Indirect Transportation Emissions",0,"usa","models_leep","historic","hist_mod_scenarios2","single","year","value",NA,NA,"scenario","region","fixed",1,2035,22.214851
"NEMS-EIA","No IRA","Mt CO2/yr","AEO2023 IRA 5cenario outputs by OnL 05-12-23.xlsx","Emissions|CO2|Energy|Demand|Transportation|Indirect","United States","timeseries",18,"Indirect Transportation Emissions","Indirect Transportation Emissions",0,"usa","models_leep","historic","hist_mod_scenarios2","single","year","value",NA,NA,"scenario","region","fixed",1,2022,5.422564
"NEMS-EIA","No IRA","Mt CO2/yr","AEO2023 IRA 5cenario outputs by OnL 05-12-23.xlsx","Emissions|CO2|Energy|Demand|Transportation|Indirect","United States","timeseries",18,"Indirect Transportation Emissions","Indirect Transportation Emissions",0,"usa","models_leep","historic","hist_mod_scenarios2","single","year","value",NA,NA,"scenario","region","fixed",1,2023,5.955447
"NEMS-EIA","No IRA","Mt CO2/yr","AEO2023 IRA 5cenario outputs by OnL 05-12-23.xlsx","Emissions|CO2|Energy|Demand|Transportation|Indirect","United States","timeseries",18,"Indirect Transportation Emissions","Indirect Transportation Emissions",0,"usa","models_leep","historic","hist_mod_scenarios2","single","year","value",NA,NA,"scenario","region","fixed",1,2024,7.072639
"NEMS-EIA","No IRA","Mt CO2/yr","AEO2023 IRA 5cenario outputs by OnL 05-12-23.xlsx","Emissions|CO2|Energy|Demand|Transportation|Indirect","United States","timeseries",18,"Indirect Transportation Emissions","Indirect Transportation Emissions",0,"usa","models_leep","historic","hist_mod_scenarios2","single","year","value",NA,NA,"scenario","region","fixed",1,2026,8.834607
"NEMS-EIA","No IRA","Mt CO2/yr","AEO2023 IRA 5cenario outputs by OnL 05-12-23.xlsx","Emissions|CO2|Energy|Demand|Transportation|Indirect","United States","timeseries",18,"Indirect Transportation Emissions","Indirect Transportation Emissions",0,"usa","models_leep","historic","hist_mod_scenarios2","single","year","value",NA,NA,"scenario","region","fixed",1,2027,10.15407
"NEMS-EIA","No IRA","Mt CO2/yr","AEO2023 IRA 5cenario outputs by OnL 05-12-23.xlsx","Emissions|CO2|Energy|Demand|Transportation|Indirect","United States","timeseries",18,"Indirect Transportation Emissions","Indirect Transportation Emissions",0,"usa","models_leep","historic","hist_mod_scenarios2","single","year","value",NA,NA,"scenario","region","fixed",1,2028,11.808878
"NEMS-EIA","No IRA","Mt CO2/yr","AEO2023 IRA 5cenario outputs by OnL 05-12-23.xlsx","Emissions|CO2|Energy|Demand|Transportation|Indirect","United States","timeseries",18,"Indirect Transportation Emissions","Indirect Transportation Emissions",0,"usa","models_leep","historic","hist_mod_scenarios2","single","year","value",NA,NA,"scenario","region","fixed",1,2029,13.393601
"NEMS-EIA","No IRA","Mt CO2/yr","AEO2023 IRA 5cenario outputs by OnL 05-12-23.xlsx","Emissions|CO2|Energy|Demand|Transportation|Indirect","United States","timeseries",18,"Indirect Transportation Emissions","Indirect Transportation Emissions",0,"usa","models_leep","historic","hist_mod_scenarios2","single","year","value",NA,NA,"scenario","region","fixed",1,2031,16.510477
"NEMS-EIA","No IRA","Mt CO2/yr","AEO2023 IRA 5cenario outputs by OnL 05-12-23.xlsx","Emissions|CO2|Energy|Demand|Transportation|Indirect","United States","timeseries",18,"Indirect Transportation Emissions","Indirect Transportation Emissions",0,"usa","models_leep","historic","hist_mod_scenarios2","single","year","value",NA,NA,"scenario","region","fixed",1,2032,17.799973
"NEMS-EIA","No IRA","Mt CO2/yr","AEO2023 IRA 5cenario outputs by OnL 05-12-23.xlsx","Emissions|CO2|Energy|Demand|Transportation|Indirect","United States","timeseries",18,"Indirect Transportation Emissions","Indirect Transportation Emissions",0,"usa","models_leep","historic","hist_mod_scenarios2","single","year","value",NA,NA,"scenario","region","fixed",1,2033,19.305635
"NEMS-EIA","No IRA","Mt CO2/yr","AEO2023 IRA 5cenario outputs by OnL 05-12-23.xlsx","Emissions|CO2|Energy|Demand|Transportation|Indirect","United States","timeseries",18,"Indirect Transportation Emissions","Indirect Transportation Emissions",0,"usa","models_leep","historic","hist_mod_scenarios2","single","year","value",NA,NA,"scenario","region","fixed",1,2034,20.860584
"NEMS-OP","IRA","Mt CO2/yr","OP-NEMS IRA 5cenario outputs w retire 07-18-23.xlsx","Emissions|CO2|Energy|Demand|Transportation|Indirect","United States","timeseries",18,"Indirect Transportation Emissions","Indirect Transportation Emissions",0,"usa","models_leep","historic","hist_mod_scenarios2","single","year","value",NA,NA,"scenario","region","fixed",1,2021,5
"NEMS-OP","IRA","Mt CO2/yr","OP-NEMS IRA 5cenario outputs w retire 07-18-23.xlsx","Emissions|CO2|Energy|Demand|Transportation|Indirect","United States","timeseries",18,"Indirect Transportation Emissions","Indirect Transportation Emissions",0,"usa","models_leep","historic","hist_mod_scenarios2","single","year","value",NA,NA,"scenario","region","fixed",1,2025,11.040107
"NEMS-OP","IRA","Mt CO2/yr","OP-NEMS IRA 5cenario outputs w retire 07-18-23.xlsx","Emissions|CO2|Energy|Demand|Transportation|Indirect","United States","timeseries",18,"Indirect Transportation Emissions","Indirect Transportation Emissions",0,"usa","models_leep","historic","hist_mod_scenarios2","single","year","value",NA,NA,"scenario","region","fixed",1,2030,28.742876
"NEMS-OP","IRA","Mt CO2/yr","OP-NEMS IRA 5cenario outputs w retire 07-18-23.xlsx","Emissions|CO2|Energy|Demand|Transportation|Indirect","United States","timeseries",18,"Indirect Transportation Emissions","Indirect Transportation Emissions",0,"usa","models_leep","historic","hist_mod_scenarios2","single","year","value",NA,NA,"scenario","region","fixed",1,2035,37.130867
"NEMS-OP","IRA","Mt CO2/yr","OP-NEMS IRA 5cenario outputs w retire 07-18-23.xlsx","Emissions|CO2|Energy|Demand|Transportation|Indirect","United States","timeseries",18,"Indirect Transportation Emissions","Indirect Transportation Emissions",0,"usa","models_leep","historic","hist_mod_scenarios2","single","year","value",NA,NA,"scenario","region","fixed",1,2022,5.201704
"NEMS-OP","IRA","Mt CO2/yr","OP-NEMS IRA 5cenario outputs w retire 07-18-23.xlsx","Emissions|CO2|Energy|Demand|Transportation|Indirect","United States","timeseries",18,"Indirect Transportation Emissions","Indirect Transportation Emissions",0,"usa","models_leep","historic","hist_mod_scenarios2","single","year","value",NA,NA,"scenario","region","fixed",1,2023,6.683402
"NEMS-OP","IRA","Mt CO2/yr","OP-NEMS IRA 5cenario outputs w retire 07-18-23.xlsx","Emissions|CO2|Energy|Demand|Transportation|Indirect","United States","timeseries",18,"Indirect Transportation Emissions","Indirect Transportation Emissions",0,"usa","models_leep","historic","hist_mod_scenarios2","single","year","value",NA,NA,"scenario","region","fixed",1,2024,8.251604
"NEMS-OP","IRA","Mt CO2/yr","OP-NEMS IRA 5cenario outputs w retire 07-18-23.xlsx","Emissions|CO2|Energy|Demand|Transportation|Indirect","United States","timeseries",18,"Indirect Transportation Emissions","Indirect Transportation Emissions",0,"usa","models_leep","historic","hist_mod_scenarios2","single","year","value",NA,NA,"scenario","region","fixed",1,2026,14.89582
"NEMS-OP","IRA","Mt CO2/yr","OP-NEMS IRA 5cenario outputs w retire 07-18-23.xlsx","Emissions|CO2|Energy|Demand|Transportation|Indirect","United States","timeseries",18,"Indirect Transportation Emissions","Indirect Transportation Emissions",0,"usa","models_leep","historic","hist_mod_scenarios2","single","year","value",NA,NA,"scenario","region","fixed",1,2027,19.044014
"NEMS-OP","IRA","Mt CO2/yr","OP-NEMS IRA 5cenario outputs w retire 07-18-23.xlsx","Emissions|CO2|Energy|Demand|Transportation|Indirect","United States","timeseries",18,"Indirect Transportation Emissions","Indirect Transportation Emissions",0,"usa","models_leep","historic","hist_mod_scenarios2","single","year","value",NA,NA,"scenario","region","fixed",1,2028,22.747055
"NEMS-OP","IRA","Mt CO2/yr","OP-NEMS IRA 5cenario outputs w retire 07-18-23.xlsx","Emissions|CO2|Energy|Demand|Transportation|Indirect","United States","timeseries",18,"Indirect Transportation Emissions","Indirect Transportation Emissions",0,"usa","models_leep","historic","hist_mod_scenarios2","single","year","value",NA,NA,"scenario","region","fixed",1,2029,25.565823
"NEMS-OP","IRA","Mt CO2/yr","OP-NEMS IRA 5cenario outputs w retire 07-18-23.xlsx","Emissions|CO2|Energy|Demand|Transportation|Indirect","United States","timeseries",18,"Indirect Transportation Emissions","Indirect Transportation Emissions",0,"usa","models_leep","historic","hist_mod_scenarios2","single","year","value",NA,NA,"scenario","region","fixed",1,2031,33.226749
"NEMS-OP","IRA","Mt CO2/yr","OP-NEMS IRA 5cenario outputs w retire 07-18-23.xlsx","Emissions|CO2|Energy|Demand|Transportation|Indirect","United States","timeseries",18,"Indirect Transportation Emissions","Indirect Transportation Emissions",0,"usa","models_leep","historic","hist_mod_scenarios2","single","year","value",NA,NA,"scenario","region","fixed",1,2032,38.608974
"NEMS-OP","IRA","Mt CO2/yr","OP-NEMS IRA 5cenario outputs w retire 07-18-23.xlsx","Emissions|CO2|Energy|Demand|Transportation|Indirect","United States","timeseries",18,"Indirect Transportation Emissions","Indirect Transportation Emissions",0,"usa","models_leep","historic","hist_mod_scenarios2","single","year","value",NA,NA,"scenario","region","fixed",1,2033,38.731407
"NEMS-OP","IRA","Mt CO2/yr","OP-NEMS IRA 5cenario outputs w retire 07-18-23.xlsx","Emissions|CO2|Energy|Demand|Transportation|Indirect","United States","timeseries",18,"Indirect Transportation Emissions","Indirect Transportation Emissions",0,"usa","models_leep","historic","hist_mod_scenarios2","single","year","value",NA,NA,"scenario","region","fixed",1,2034,37.740139
"NEMS-OP","No IRA","Mt CO2/yr","OP-NEMS IRA 5cenario outputs w retire 07-18-23.xlsx","Emissions|CO2|Energy|Demand|Transportation|Indirect","United States","timeseries",18,"Indirect Transportation Emissions","Indirect Transportation Emissions",0,"usa","models_leep","historic","hist_mod_scenarios2","single","year","value",NA,NA,"scenario","region","fixed",1,2021,5
"NEMS-OP","No IRA","Mt CO2/yr","OP-NEMS IRA 5cenario outputs w retire 07-18-23.xlsx","Emissions|CO2|Energy|Demand|Transportation|Indirect","United States","timeseries",18,"Indirect Transportation Emissions","Indirect Transportation Emissions",0,"usa","models_leep","historic","hist_mod_scenarios2","single","year","value",NA,NA,"scenario","region","fixed",1,2025,11.361979
"NEMS-OP","No IRA","Mt CO2/yr","OP-NEMS IRA 5cenario outputs w retire 07-18-23.xlsx","Emissions|CO2|Energy|Demand|Transportation|Indirect","United States","timeseries",18,"Indirect Transportation Emissions","Indirect Transportation Emissions",0,"usa","models_leep","historic","hist_mod_scenarios2","single","year","value",NA,NA,"scenario","region","fixed",1,2030,35.254364
"NEMS-OP","No IRA","Mt CO2/yr","OP-NEMS IRA 5cenario outputs w retire 07-18-23.xlsx","Emissions|CO2|Energy|Demand|Transportation|Indirect","United States","timeseries",18,"Indirect Transportation Emissions","Indirect Transportation Emissions",0,"usa","models_leep","historic","hist_mod_scenarios2","single","year","value",NA,NA,"scenario","region","fixed",1,2035,62.4646
"NEMS-OP","No IRA","Mt CO2/yr","OP-NEMS IRA 5cenario outputs w retire 07-18-23.xlsx","Emissions|CO2|Energy|Demand|Transportation|Indirect","United States","timeseries",18,"Indirect Transportation Emissions","Indirect Transportation Emissions",0,"usa","models_leep","historic","hist_mod_scenarios2","single","year","value",NA,NA,"scenario","region","fixed",1,2022,5.264496
"NEMS-OP","No IRA","Mt CO2/yr","OP-NEMS IRA 5cenario outputs w retire 07-18-23.xlsx","Emissions|CO2|Energy|Demand|Transportation|Indirect","United States","timeseries",18,"Indirect Transportation Emissions","Indirect Transportation Emissions",0,"usa","models_leep","historic","hist_mod_scenarios2","single","year","value",NA,NA,"scenario","region","fixed",1,2023,6.51659
"NEMS-OP","No IRA","Mt CO2/yr","OP-NEMS IRA 5cenario outputs w retire 07-18-23.xlsx","Emissions|CO2|Energy|Demand|Transportation|Indirect","United States","timeseries",18,"Indirect Transportation Emissions","Indirect Transportation Emissions",0,"usa","models_leep","historic","hist_mod_scenarios2","single","year","value",NA,NA,"scenario","region","fixed",1,2024,8.135511
"NEMS-OP","No IRA","Mt CO2/yr","OP-NEMS IRA 5cenario outputs w retire 07-18-23.xlsx","Emissions|CO2|Energy|Demand|Transportation|Indirect","United States","timeseries",18,"Indirect Transportation Emissions","Indirect Transportation Emissions",0,"usa","models_leep","historic","hist_mod_scenarios2","single","year","value",NA,NA,"scenario","region","fixed",1,2026,15.611117
"NEMS-OP","No IRA","Mt CO2/yr","OP-NEMS IRA 5cenario outputs w retire 07-18-23.xlsx","Emissions|CO2|Energy|Demand|Transportation|Indirect","United States","timeseries",18,"Indirect Transportation Emissions","Indirect Transportation Emissions",0,"usa","models_leep","historic","hist_mod_scenarios2","single","year","value",NA,NA,"scenario","region","fixed",1,2027,20.277048
"NEMS-OP","No IRA","Mt CO2/yr","OP-NEMS IRA 5cenario outputs w retire 07-18-23.xlsx","Emissions|CO2|Energy|Demand|Transportation|Indirect","United States","timeseries",18,"Indirect Transportation Emissions","Indirect Transportation Emissions",0,"usa","models_leep","historic","hist_mod_scenarios2","single","year","value",NA,NA,"scenario","region","fixed",1,2028,25.270693
"NEMS-OP","No IRA","Mt CO2/yr","OP-NEMS IRA 5cenario outputs w retire 07-18-23.xlsx","Emissions|CO2|Energy|Demand|Transportation|Indirect","United States","timeseries",18,"Indirect Transportation Emissions","Indirect Transportation Emissions",0,"usa","models_leep","historic","hist_mod_scenarios2","single","year","value",NA,NA,"scenario","region","fixed",1,2029,30.0616
"NEMS-OP","No IRA","Mt CO2/yr","OP-NEMS IRA 5cenario outputs w retire 07-18-23.xlsx","Emissions|CO2|Energy|Demand|Transportation|Indirect","United States","timeseries",18,"Indirect Transportation Emissions","Indirect Transportation Emissions",0,"usa","models_leep","historic","hist_mod_scenarios2","single","year","value",NA,NA,"scenario","region","fixed",1,2031,41.510342
"NEMS-OP","No IRA","Mt CO2/yr","OP-NEMS IRA 5cenario outputs w retire 07-18-23.xlsx","Emissions|CO2|Energy|Demand|Transportation|Indirect","United States","timeseries",18,"Indirect Transportation Emissions","Indirect Transportation Emissions",0,"usa","models_leep","historic","hist_mod_scenarios2","single","year","value",NA,NA,"scenario","region","fixed",1,2032,47.628727
"NEMS-OP","No IRA","Mt CO2/yr","OP-NEMS IRA 5cenario outputs w retire 07-18-23.xlsx","Emissions|CO2|Energy|Demand|Transportation|Indirect","United States","timeseries",18,"Indirect Transportation Emissions","Indirect Transportation Emissions",0,"usa","models_leep","historic","hist_mod_scenarios2","single","year","value",NA,NA,"scenario","region","fixed",1,2033,53.489666
"NEMS-OP","No IRA","Mt CO2/yr","OP-NEMS IRA 5cenario outputs w retire 07-18-23.xlsx","Emissions|CO2|Energy|Demand|Transportation|Indirect","United States","timeseries",18,"Indirect Transportation Emissions","Indirect Transportation Emissions",0,"usa","models_leep","historic","hist_mod_scenarios2","single","year","value",NA,NA,"scenario","region","fixed",1,2034,58.351845
"NEMS-RHG","IRA","Mt CO2/yr","bistline_ira_tall.csv","Emissions|CO2|Energy|Demand|Transportation|Indirect","United States","timeseries",18,"Indirect Transportation Emissions","Indirect Transportation Emissions",0,"usa","models_leep","historic","hist_mod_scenarios2","single","year","value",NA,NA,"scenario","region","fixed",1,2021,5
"NEMS-RHG","IRA","Mt CO2/yr","bistline_ira_tall.csv","Emissions|CO2|Energy|Demand|Transportation|Indirect","United States","timeseries",18,"Indirect Transportation Emissions","Indirect Transportation Emissions",0,"usa","models_leep","historic","hist_mod_scenarios2","single","year","value",NA,NA,"scenario","region","fixed",1,2025,10.8847667
"NEMS-RHG","IRA","Mt CO2/yr","bistline_ira_tall.csv","Emissions|CO2|Energy|Demand|Transportation|Indirect","United States","timeseries",18,"Indirect Transportation Emissions","Indirect Transportation Emissions",0,"usa","models_leep","historic","hist_mod_scenarios2","single","year","value",NA,NA,"scenario","region","fixed",1,2030,15.93649783
"NEMS-RHG","IRA","Mt CO2/yr","bistline_ira_tall.csv","Emissions|CO2|Energy|Demand|Transportation|Indirect","United States","timeseries",18,"Indirect Transportation Emissions","Indirect Transportation Emissions",0,"usa","models_leep","historic","hist_mod_scenarios2","single","year","value",NA,NA,"scenario","region","fixed",1,2035,41.01696623
"NEMS-RHG","No IRA","Mt CO2/yr","bistline_ira_tall.csv","Emissions|CO2|Energy|Demand|Transportation|Indirect","United States","timeseries",18,"Indirect Transportation Emissions","Indirect Transportation Emissions",0,"usa","models_leep","historic","hist_mod_scenarios2","single","year","value",NA,NA,"scenario","region","fixed",1,2021,5
"NEMS-RHG","No IRA","Mt CO2/yr","bistline_ira_tall.csv","Emissions|CO2|Energy|Demand|Transportation|Indirect","United States","timeseries",18,"Indirect Transportation Emissions","Indirect Transportation Emissions",0,"usa","models_leep","historic","hist_mod_scenarios2","single","year","value",NA,NA,"scenario","region","fixed",1,2025,9.568704566
"NEMS-RHG","No IRA","Mt CO2/yr","bistline_ira_tall.csv","Emissions|CO2|Energy|Demand|Transportation|Indirect","United States","timeseries",18,"Indirect Transportation Emissions","Indirect Transportation Emissions",0,"usa","models_leep","historic","hist_mod_scenarios2","single","year","value",NA,NA,"scenario","region","fixed",1,2030,21.9900833
"NEMS-RHG","No IRA","Mt CO2/yr","bistline_ira_tall.csv","Emissions|CO2|Energy|Demand|Transportation|Indirect","United States","timeseries",18,"Indirect Transportation Emissions","Indirect Transportation Emissions",0,"usa","models_leep","historic","hist_mod_scenarios2","single","year","value",NA,NA,"scenario","region","fixed",1,2035,38.28814292
"REGEN-EPRI","IRA","Mt CO2/yr","bistline_ira_tall.csv","Emissions|CO2|Energy|Demand|Transportation|Indirect","United States","timeseries",18,"Indirect Transportation Emissions","Indirect Transportation Emissions",0,"usa","models_leep","historic","hist_mod_scenarios2","single","year","value",NA,NA,"scenario","region","fixed",1,2021,5
"REGEN-EPRI","IRA","Mt CO2/yr","bistline_ira_tall.csv","Emissions|CO2|Energy|Demand|Transportation|Indirect","United States","timeseries",18,"Indirect Transportation Emissions","Indirect Transportation Emissions",0,"usa","models_leep","historic","hist_mod_scenarios2","single","year","value",NA,NA,"scenario","region","fixed",1,2025,46.07375596
"REGEN-EPRI","IRA","Mt CO2/yr","bistline_ira_tall.csv","Emissions|CO2|Energy|Demand|Transportation|Indirect","United States","timeseries",18,"Indirect Transportation Emissions","Indirect Transportation Emissions",0,"usa","models_leep","historic","hist_mod_scenarios2","single","year","value",NA,NA,"scenario","region","fixed",1,2030,69.97925548
"REGEN-EPRI","IRA","Mt CO2/yr","bistline_ira_tall.csv","Emissions|CO2|Energy|Demand|Transportation|Indirect","United States","timeseries",18,"Indirect Transportation Emissions","Indirect Transportation Emissions",0,"usa","models_leep","historic","hist_mod_scenarios2","single","year","value",NA,NA,"scenario","region","fixed",1,2035,50.4845842
"REGEN-EPRI","No IRA","Mt CO2/yr","bistline_ira_tall.csv","Emissions|CO2|Energy|Demand|Transportation|Indirect","United States","timeseries",18,"Indirect Transportation Emissions","Indirect Transportation Emissions",0,"usa","models_leep","historic","hist_mod_scenarios2","single","year","value",NA,NA,"scenario","region","fixed",1,2021,5
"REGEN-EPRI","No IRA","Mt CO2/yr","bistline_ira_tall.csv","Emissions|CO2|Energy|Demand|Transportation|Indirect","United States","timeseries",18,"Indirect Transportation Emissions","Indirect Transportation Emissions",0,"usa","models_leep","historic","hist_mod_scenarios2","single","year","value",NA,NA,"scenario","region","fixed",1,2025,38.54650267
"REGEN-EPRI","No IRA","Mt CO2/yr","bistline_ira_tall.csv","Emissions|CO2|Energy|Demand|Transportation|Indirect","United States","timeseries",18,"Indirect Transportation Emissions","Indirect Transportation Emissions",0,"usa","models_leep","historic","hist_mod_scenarios2","single","year","value",NA,NA,"scenario","region","fixed",1,2030,63.51573739
"REGEN-EPRI","No IRA","Mt CO2/yr","bistline_ira_tall.csv","Emissions|CO2|Energy|Demand|Transportation|Indirect","United States","timeseries",18,"Indirect Transportation Emissions","Indirect Transportation Emissions",0,"usa","models_leep","historic","hist_mod_scenarios2","single","year","value",NA,NA,"scenario","region","fixed",1,2035,94.30253049
"RIO-REPEAT","IRA","Mt CO2/yr","bistline_ira_tall.csv","Emissions|CO2|Energy|Demand|Transportation|Indirect","United States","timeseries",18,"Indirect Transportation Emissions","Indirect Transportation Emissions",0,"usa","models_leep","historic","hist_mod_scenarios2","single","year","value",NA,NA,"scenario","region","fixed",1,2021,5
"RIO-REPEAT","IRA","Mt CO2/yr","bistline_ira_tall.csv","Emissions|CO2|Energy|Demand|Transportation|Indirect","United States","timeseries",18,"Indirect Transportation Emissions","Indirect Transportation Emissions",0,"usa","models_leep","historic","hist_mod_scenarios2","single","year","value",NA,NA,"scenario","region","fixed",1,2025,39.60003714
"RIO-REPEAT","IRA","Mt CO2/yr","bistline_ira_tall.csv","Emissions|CO2|Energy|Demand|Transportation|Indirect","United States","timeseries",18,"Indirect Transportation Emissions","Indirect Transportation Emissions",0,"usa","models_leep","historic","hist_mod_scenarios2","single","year","value",NA,NA,"scenario","region","fixed",1,2030,64.87483206
"RIO-REPEAT","IRA","Mt CO2/yr","bistline_ira_tall.csv","Emissions|CO2|Energy|Demand|Transportation|Indirect","United States","timeseries",18,"Indirect Transportation Emissions","Indirect Transportation Emissions",0,"usa","models_leep","historic","hist_mod_scenarios2","single","year","value",NA,NA,"scenario","region","fixed",1,2035,63.93197279
"RIO-REPEAT","No IRA","Mt CO2/yr","bistline_ira_tall.csv","Emissions|CO2|Energy|Demand|Transportation|Indirect","United States","timeseries",18,"Indirect Transportation Emissions","Indirect Transportation Emissions",0,"usa","models_leep","historic","hist_mod_scenarios2","single","year","value",NA,NA,"scenario","region","fixed",1,2021,5
"RIO-REPEAT","No IRA","Mt CO2/yr","bistline_ira_tall.csv","Emissions|CO2|Energy|Demand|Transportation|Indirect","United States","timeseries",18,"Indirect Transportation Emissions","Indirect Transportation Emissions",0,"usa","models_leep","historic","hist_mod_scenarios2","single","year","value",NA,NA,"scenario","region","fixed",1,2025,33.48436721
"RIO-REPEAT","No IRA","Mt CO2/yr","bistline_ira_tall.csv","Emissions|CO2|Energy|Demand|Transportation|Indirect","United States","timeseries",18,"Indirect Transportation Emissions","Indirect Transportation Emissions",0,"usa","models_leep","historic","hist_mod_scenarios2","single","year","value",NA,NA,"scenario","region","fixed",1,2030,65.08141962
"RIO-REPEAT","No IRA","Mt CO2/yr","bistline_ira_tall.csv","Emissions|CO2|Energy|Demand|Transportation|Indirect","United States","timeseries",18,"Indirect Transportation Emissions","Indirect Transportation Emissions",0,"usa","models_leep","historic","hist_mod_scenarios2","single","year","value",NA,NA,"scenario","region","fixed",1,2035,98.13628727
"USREP-ReEDS","IRA","Mt CO2/yr","usrep_reeds_allscen.csv","Emissions|CO2|Energy|Demand|Transportation|Indirect","United States","timeseries",18,"Indirect Transportation Emissions","Indirect Transportation Emissions",0,"usa","models_leep","historic","hist_mod_scenarios2","single","year","value",NA,NA,"scenario","region","fixed",1,2021,5
"USREP-ReEDS","IRA","Mt CO2/yr","usrep_reeds_allscen.csv","Emissions|CO2|Energy|Demand|Transportation|Indirect","United States","timeseries",18,"Indirect Transportation Emissions","Indirect Transportation Emissions",0,"usa","models_leep","historic","hist_mod_scenarios2","single","year","value",NA,NA,"scenario","region","fixed",1,2025,8.621084879
"USREP-ReEDS","IRA","Mt CO2/yr","usrep_reeds_allscen.csv","Emissions|CO2|Energy|Demand|Transportation|Indirect","United States","timeseries",18,"Indirect Transportation Emissions","Indirect Transportation Emissions",0,"usa","models_leep","historic","hist_mod_scenarios2","single","year","value",NA,NA,"scenario","region","fixed",1,2030,19.56279778
"USREP-ReEDS","IRA","Mt CO2/yr","usrep_reeds_allscen.csv","Emissions|CO2|Energy|Demand|Transportation|Indirect","United States","timeseries",18,"Indirect Transportation Emissions","Indirect Transportation Emissions",0,"usa","models_leep","historic","hist_mod_scenarios2","single","year","value",NA,NA,"scenario","region","fixed",1,2035,31.96406401
"USREP-ReEDS","No IRA","Mt CO2/yr","usrep_reeds_allscen.csv","Emissions|CO2|Energy|Demand|Transportation|Indirect","United States","timeseries",18,"Indirect Transportation Emissions","Indirect Transportation Emissions",0,"usa","models_leep","historic","hist_mod_scenarios2","single","year","value",NA,NA,"scenario","region","fixed",1,2021,5
"USREP-ReEDS","No IRA","Mt CO2/yr","usrep_reeds_allscen.csv","Emissions|CO2|Energy|Demand|Transportation|Indirect","United States","timeseries",18,"Indirect Transportation Emissions","Indirect Transportation Emissions",0,"usa","models_leep","historic","hist_mod_scenarios2","single","year","value",NA,NA,"scenario","region","fixed",1,2025,8.377264585
"USREP-ReEDS","No IRA","Mt CO2/yr","usrep_reeds_allscen.csv","Emissions|CO2|Energy|Demand|Transportation|Indirect","United States","timeseries",18,"Indirect Transportation Emissions","Indirect Transportation Emissions",0,"usa","models_leep","historic","hist_mod_scenarios2","single","year","value",NA,NA,"scenario","region","fixed",1,2030,35.43596773
"USREP-ReEDS","No IRA","Mt CO2/yr","usrep_reeds_allscen.csv","Emissions|CO2|Energy|Demand|Transportation|Indirect","United States","timeseries",18,"Indirect Transportation Emissions","Indirect Transportation Emissions",0,"usa","models_leep","historic","hist_mod_scenarios2","single","year","value",NA,NA,"scenario","region","fixed",1,2035,63.80710176
